blijken	hebben	besluiten	laten	volgen	1973	1
geven	zeggen	beginnen	doen	voelen	1915	1
hebben	behoeven	vrezen	worden	bestelen	1872	1
hebben	beloven	zullen	laten	gaan	1867	1
hebben	beloven	zullen	laten	gaan	1917	1
hebben	beloven	zullen	laten	verlokken	1845	1
hebben	besluiten	blijven	weigeren	erkennen	1967	1
hebben	denken	zullen	kunnen	ademen	1918	1
hebben	denken	zullen	kunnen	genieten	1907	1
hebben	denken	zullen	worden	behandelen	1885	1
hebben	doen	beloven	laten	spreken	1846	1
hebben	doen	weten	zullen	zijn	1972	1
hebben	durven	beloven	worden	vereeuwigen	1948	1
hebben	durven	denken	zullen	benaderen	1927	1
hebben	durven	hopen	kunnen	repatrieeren	1913	1
hebben	durven	hopen	kunnen	spelen	1933	1
hebben	durven	hopen	zullen	worden	1956	1
hebben	durven	wagen	doen	verklaren	1838	1
hebben	hopen	kunnen	blijven	vertroetelen	1910	1
hebben	hopen	kunnen	laten	in_nemen	1975	1
hebben	hopen	zullen	zien	op_treden	1890	1
hebben	kunnen	besluiten	laten	varen	1991	1
hebben	kunnen	doen	besluiten	gedogen	1840	1
hebben	kunnen	doen	worden	geboren	1916	1
hebben	kunnen	doen	zijn	voor_bereiden	1915	1
hebben	kunnen	houden	doen	over_slaan	1847	1
hebben	kunnen	laten	blijken	bezitten	1913	1
hebben	kunnen	menen	hebben	doen	1902	1
hebben	kunnen	menen	kunnen	aan_wijzen	1906	1
hebben	kunnen	menen	kunnen	vullen	1926	1
hebben	kunnen	menen	zullen	verbeteren	1886	1
hebben	kunnen	vrezen	moeten	naderen	1914	1
hebben	kunnen	zijn	blijven	bewaren	1916	1
hebben	laten	weten	weigeren	spelen	1965	1
hebben	laten	weten	willen	meevergaderen	1966	1
hebben	laten	weten	willen	schrijven	1988	1
hebben	laten	weten	zullen	bij_wonen	1975	1
hebben	laten	weten	zullen	verzetten	1994	1
hebben	laten	zien	kunnen	maken	1982	1
hebben	menen	doen	laten	vooraf_gaan	1981	1
hebben	menen	hebben	kunnen	brengen	1902	1
hebben	menen	hebben	mogen	plaatsen	1919	1
hebben	menen	kunnen	doen	gevoelen	1960	1
hebben	menen	kunnen	doen	herleven	1896	1
hebben	menen	kunnen	laten	zien	1975	1
hebben	menen	moeten	doen	uit_beitelen	1880	1
hebben	menen	moeten	doen	vooraf_gaan	1927	1
hebben	menen	moeten	laten	af_drukken	1906	1
hebben	menen	moeten	laten	doen	1982	1
hebben	menen	moeten	laten	vooraf_gaan	1940	1
hebben	menen	moeten	trachten	verkrijgen	1902	1
hebben	menen	mogen	laten	op_treden	1856	1
hebben	menen	mogen	laten	op_wegen	1965	1
hebben	menen	mogen	laten	verblinden	1942	1
hebben	menen	mogen	weigeren	verkrijgen	1880	1
hebben	menen	zullen	zien	eindigen	1941	1
hebben	moeten	beloven	doen	publiceren	1959	1
hebben	moeten	beloven	laten	blijken	1851	1
hebben	moeten	beloven	zullen	aan_brengen	1936	1
hebben	moeten	beloven	zullen	bezorgen	1935	1
hebben	moeten	beloven	zullen	dichten	1913	1
hebben	moeten	beloven	zullen	gaan	1981	1
hebben	moeten	beloven	zullen	mee_gaan	1841	1
hebben	moeten	beloven	zullen	mijden	1879	1
hebben	moeten	beloven	zullen	spreken	1917	1
hebben	moeten	beloven	zullen	uit_brengen	1930	1
hebben	moeten	beloven	zullen	vermijden	1839	1
hebben	moeten	beloven	zullen	voor_leggen	1856	1
hebben	moeten	beloven	zullen	zijn	1897	1
hebben	moeten	besluiten	laten	helpen	1896	1
hebben	moeten	besluiten	laten	varen	1920	1
hebben	moeten	geloven	zullen	raken	1935	1
hebben	moeten	houden	doen	uit_komen	1867	1
hebben	moeten	kunnen	gaan	staan	1922	1
hebben	moeten	kunnen	worden	op_merken	1881	1
hebben	moeten	laten	worden	geboren	1893	1
hebben	moeten	laten	worden	geboren	1926	1
hebben	moeten	laten	worden	geboren	1967	1
hebben	moeten	proberen	krijgen	lachen	1998	1
hebben	moeten	vrezen	worden	begrijpen	1953	1
hebben	moeten	weigeren	laten	fotograferen	1993	1
hebben	moeten	zien	staan	kijken	1956	1
hebben	mogen	hopen	zien	slagen	1912	1
hebben	mogen	wensen	zijn	gaan	1932	1
hebben	mogen	worden	verzuimen	aan_tonen	1841	1
hebben	weigeren	kunnen	gaan	spelen	1891	1
hebben	wensen	hebben	kunnen	zeggen	1858	1
hebben	willen	geloven	kunnen	verliezen	1920	1
hebben	willen	geven	doen	aan_schuiven	1911	1
hebben	willen	zeggen	moeten	zeggen	1948	1
hebben	willen	zien	durven	zitten	1960	1
hebben	zeggen	willen	laten	ringeloren	1917	1
hopen	hebben	maken	hebben	brengen	1961	1
hopen	zullen	kunnen	laten	verschijnen	1934	1
kunnen	doen	besluiten	doen	rusten	1927	1
kunnen	hebben	besluiten	laten	graveren	1963	1
kunnen	hebben	hopen	doen	schrikken	1915	1
kunnen	hebben	verzuimen	laten	bekoelen	1883	1
kunnen	hopen	zullen	doen	slagen	1910	1
kunnen	houden	zullen	worden	storen	1869	1
kunnen	worden	denken	zijn	vooraf_gaan	1915	1
kunnen	worden	weten	doen	uit_lekken	1931	1
kunnen	worden	zeggen	hebben	bestaan	1854	1
kunnen	worden	zeggen	hebben	bevorderen	1948	1
kunnen	worden	zeggen	hebben	bij_dragen	1909	1
kunnen	worden	zeggen	hebben	brengen	1915	1
kunnen	worden	zeggen	hebben	doorleven	1875	1
kunnen	worden	zeggen	hebben	genieten	1863	1
kunnen	worden	zeggen	hebben	geven	1839	1
kunnen	worden	zeggen	hebben	geven	1850	1
kunnen	worden	zeggen	hebben	hebben	1890	1
kunnen	worden	zeggen	hebben	in_wijden	1864	1
kunnen	worden	zeggen	hebben	leveren	1922	1
kunnen	worden	zeggen	hebben	ontdekken	1857	1
kunnen	worden	zeggen	hebben	ontvangen	1850	1
kunnen	worden	zeggen	hebben	overleven	1857	1
kunnen	worden	zeggen	hebben	stellen	1863	1
kunnen	worden	zeggen	hebben	uit_maken	1843	1
kunnen	worden	zeggen	hebben	uit_oefenen	1864	1
kunnen	worden	zeggen	hebben	verbeteren	1864	1
kunnen	worden	zeggen	hebben	verlichten	1921	1
kunnen	worden	zeggen	hebben	voort_brengen	1843	1
kunnen	worden	zeggen	hebben	willen	1882	1
kunnen	worden	zeggen	kunnen	verheffen	1898	1
kunnen	worden	zeggen	laten	bemerken	1840	1
kunnen	worden	zeggen	laten	spreken	1977	1
kunnen	worden	zeggen	leren	kennen	1946	1
kunnen	worden	zeggen	mogen	dragen	1852	1
kunnen	worden	zeggen	zijn	beginnen	1846	1
kunnen	worden	zeggen	zijn	belasten	1893	1
kunnen	worden	zeggen	zijn	bezigen	1843	1
kunnen	worden	zeggen	zijn	blijven	1864	1
kunnen	worden	zeggen	zijn	blijven	1881	1
kunnen	worden	zeggen	zijn	brengen	1862	1
kunnen	worden	zeggen	zijn	komen	1849	1
kunnen	worden	zeggen	zijn	komen	1864	1
kunnen	worden	zeggen	zijn	op_treden	1863	1
kunnen	worden	zeggen	zijn	rechtigen	1852	1
kunnen	worden	zeggen	zijn	slijpen	1875	1
kunnen	worden	zeggen	zijn	uit_drukken	1862	1
kunnen	worden	zeggen	zijn	uit_roeien	1857	1
kunnen	worden	zeggen	zijn	uit_voeren	1852	1
kunnen	worden	zeggen	zijn	vangen	1864	1
kunnen	worden	zeggen	zijn	voltooien	1886	1
kunnen	worden	zeggen	zijn	voltrekken	1846	1
kunnen	worden	zeggen	zijn	worden	1908	1
kunnen	worden	zeggen	zijn	zijn	1904	1
kunnen	zeggen	hebben	leren	kennen	1896	1
laten	hebben	kunnen	worden	verhogen	1920	1
laten	proberen	houden	willen	gooien	1947	1
laten	weten	hebben	kunnen	verkopen	1997	1
laten	weten	zullen	blijven	gedenken	1986	1
menen	moeten	zeggen	willen	onthouden	1896	1
menen	mogen	besluiten	worden	op_vatten	1988	1
moeten	doen	besluiten	hebben	doen	1910	1
moeten	hebben	doen	besluiten	af_zien	1935	1
moeten	hebben	kunnen	doen	trillen	1855	1
moeten	hebben	proberen	kunnen	terug_vinden	1893	1
moeten	hebben	trachten	willen	op_richten	1878	1
moeten	hebben	weten	zullen	toe_brengen	1978	1
moeten	vrezen	zullen	worden	verdenken	1848	1
moeten	worden	denken	zijn	verdelen	1875	1
moeten	worden	houden	hebben	bedoelen	1851	1
moeten	worden	leren	durven	vertrouwen	1929	1
moeten	worden	proberen	laten	halen	1998	1
moeten	worden	trachten	doen	plaats_vinden	1973	1
moeten	worden	trachten	doen	samen_vloeien	1906	1
moeten	worden	trachten	laten	denken	1911	1
moeten	worden	trachten	laten	op_lopen	1890	1
moeten	worden	trachten	leren	uit_voeren	1918	1
moeten	worden	zeggen	hebben	hebben	1876	1
moeten	worden	zeggen	hebben	verbeteren	1841	1
moeten	worden	zeggen	zijn	zijn	1876	1
moeten	zijn	kunnen	worden	vatten	1942	1
mogen	hebben	menen	doen	bedaren	1900	1
mogen	hebben	menen	kunnen	ontwijken	1922	1
mogen	hebben	menen	kunnen	verlaten	1890	1
mogen	hebben	menen	kunnen	verzekeren	1893	1
mogen	willen	besluiten	hebben	ontvangen	1868	1
mogen	worden	pogen	helpen	op_ruimen	1952	1
mogen	worden	verzuimen	laten	getuigen	1932	1
mogen	worden	zeggen	hebben	leggen	1858	1
mogen	worden	zeggen	hebben	maken	1852	1
mogen	worden	zeggen	hebben	wachten	1850	1
mogen	worden	zeggen	leren	hebben	1959	1
mogen	worden	zeggen	zijn	ontstaan	1854	1
mogen	worden	zeggen	zijn	zijn	1874	1
mogen	zijn	kunnen	worden	in_voeren	1948	1
schijnen	hebben	beloven	zullen	antwoorden	1875	1
schijnen	hebben	hopen	zullen	bereiken	1879	1
schijnen	hebben	houden	zullen	verklappen	1882	1
schijnen	hebben	lopen	worden	halen	1894	1
schijnen	hebben	menen	moeten	veroorloven	1860	1
schijnen	hebben	weigeren	komen	delen	1869	1
schijnen	willen	zoeken	willen	vinden	1897	1
vinden	gaan	staan	zitten	spellen	1976	1
vrezen	zullen	moeten	gaan	beleven	1997	1
willen	hopen	kunnen	leren	kennen	1949	1
willen	laten	weten	hebben	hebben	1994	1
willen	worden	houden	hebben	hebben	1852	1
zien	zullen	moeten	worden	ontslaan	1901	1
zijn	blijven	weigeren	laten	over_brengen	1959	1
zijn	gaan	verlangen	zien	hangen	1967	1
zijn	houden	hebben	willen	om_kopen	1891	1
zullen	behoeven	vrezen	zullen	verliezen	1918	1
zullen	behoeven	vrezen	zullen	vervallen	1863	1
zullen	behoren	kunnen	worden	af_leiden	1970	1
zullen	blijken	hebben	verzuimen	veilig_stellen	1971	1
zullen	denken	hebben	kunnen	raden	1903	1
zullen	doen	geloven	zien	krijgen	1948	1
zullen	durven	beweren	hebben	begrijpen	1909	1
zullen	durven	beweren	hebben	op_lossen	1865	1
zullen	durven	beweren	mogen	stelen	1860	1
zullen	durven	hopen	zien	komen	1859	1
zullen	durven	wagen	laten	verschijnen	1929	1
zullen	gaan	denken	hebben	doen	1954	1
zullen	gaan	geloven	hebben	brengen	1911	1
zullen	gaan	geloven	hebben	vinden	1965	1
zullen	gaan	pogen	doen	aanvaarden	1920	1
zullen	gaan	vrezen	zijn	worden	1938	1
zullen	hebben	beloven	komen	bezoeken	1970	1
zullen	hebben	beweren	hebben	om_zien	1863	1
zullen	hebben	beweren	hebben	willen	1975	1
zullen	hebben	denken	doen	schrijven	1914	1
zullen	hebben	denken	zullen	zijn	1895	1
zullen	hebben	doen	besluiten	bezoeken	1914	1
zullen	hebben	doen	besluiten	uit_stellen	1853	1
zullen	hebben	doen	doen	door_dringen	1959	1
zullen	hebben	doen	verlangen	nemen	1905	1
zullen	hebben	durven	laten	op_komen	1860	1
zullen	hebben	durven	wagen	af_glijden	1884	1
zullen	hebben	durven	wagen	gebruiken	1902	1
zullen	hebben	durven	wagen	heen_slaan	1850	1
zullen	hebben	durven	wagen	komen	1876	1
zullen	hebben	durven	wagen	reppen	1838	1
zullen	hebben	durven	wagen	vrij_spreken	1886	1
zullen	hebben	hebben	doen	maken	1878	1
zullen	hebben	helpen	gaan	theoretiseren	1993	1
zullen	hebben	kunnen	blijven	ademen	1861	1
zullen	hebben	kunnen	blijven	bestaan	1981	1
zullen	hebben	kunnen	blijven	interesseren	1907	1
zullen	hebben	kunnen	blijven	voort_duren	1878	1
zullen	hebben	kunnen	blijven	werken	1913	1
zullen	hebben	kunnen	doen	eindigen	1867	1
zullen	hebben	kunnen	doen	gedijen	1879	1
zullen	hebben	kunnen	doen	gelden	1892	1
zullen	hebben	kunnen	doen	gelden	1932	1
zullen	hebben	kunnen	doen	gelden	1946	1
zullen	hebben	kunnen	doen	gelden	1947	1
zullen	hebben	kunnen	doen	genieten	1888	1
zullen	hebben	kunnen	doen	om_slaan	1892	1
zullen	hebben	kunnen	doen	ontdekken	1905	1
zullen	hebben	kunnen	doen	ontkomen	1911	1
zullen	hebben	kunnen	doen	ontstaan	1906	1
zullen	hebben	kunnen	doen	rijzen	1951	1
zullen	hebben	kunnen	doen	schijnen	1922	1
zullen	hebben	kunnen	doen	twijfelen	1929	1
zullen	hebben	kunnen	doen	uit_komen	1873	1
zullen	hebben	kunnen	doen	uit_komen	1922	1
zullen	hebben	kunnen	doen	vallen	1889	1
zullen	hebben	kunnen	doen	vermoeden	1982	1
zullen	hebben	kunnen	doen	verwachten	1868	1
zullen	hebben	kunnen	doen	vinden	1933	1
zullen	hebben	kunnen	doen	zijn	1857	1
zullen	hebben	kunnen	gaan	rusten	1905	1
zullen	hebben	kunnen	helpen	bouwen	1945	1
zullen	hebben	kunnen	helpen	verspreiden	1901	1
zullen	hebben	kunnen	krijgen	horen	1978	1
zullen	hebben	kunnen	laten	plaats_nemen	1881	1
zullen	hebben	kunnen	laten	vallen	1950	1
zullen	hebben	kunnen	laten	voort_bestaan	1887	1
zullen	hebben	kunnen	leren	kennen	1914	1
zullen	hebben	kunnen	leren	kennen	1950	1
zullen	hebben	kunnen	leren	kennen	1975	1
zullen	hebben	kunnen	proberen	schrijven	1982	1
zullen	hebben	kunnen	proberen	winnen	1979	1
zullen	hebben	kunnen	worden	aan_duiden	1930	1
zullen	hebben	kunnen	worden	aan_wenden	1865	1
zullen	hebben	kunnen	worden	brengen	1842	1
zullen	hebben	kunnen	worden	drukken	1839	1
zullen	hebben	kunnen	worden	geboren	1867	1
zullen	hebben	kunnen	worden	gebruiken	1881	1
zullen	hebben	kunnen	worden	melden	1873	1
zullen	hebben	kunnen	worden	ontnemen	1870	1
zullen	hebben	kunnen	worden	op_nemen	1982	1
zullen	hebben	kunnen	worden	op_offeren	1986	1
zullen	hebben	kunnen	worden	samen_stellen	1889	1
zullen	hebben	kunnen	worden	schrijven	1889	1
zullen	hebben	kunnen	worden	schrijven	1900	1
zullen	hebben	kunnen	worden	schrijven	1939	1
zullen	hebben	kunnen	worden	stellen	1921	1
zullen	hebben	kunnen	worden	stuiten	1915	1
zullen	hebben	kunnen	worden	teweeg_brengen	1859	1
zullen	hebben	kunnen	worden	toe_denken	1853	1
zullen	hebben	kunnen	worden	vermeerderen	1856	1
zullen	hebben	kunnen	worden	vermelden	1840	1
zullen	hebben	kunnen	worden	verslaan	1981	1
zullen	hebben	kunnen	worden	versterken	1897	1
zullen	hebben	kunnen	worden	voorkomen	1861	1
zullen	hebben	kunnen	worden	voorkomen	1875	1
zullen	hebben	kunnen	worden	weg_laten	1875	1
zullen	hebben	kunnen	zetten	intrigeren	1898	1
zullen	hebben	kunnen	zien	vast_staan	1964	1
zullen	hebben	kunnen	zien	vervullen	1837	1
zullen	hebben	kunnen	zien	voltooien	1922	1
zullen	hebben	kunnen	zijn	schrijven	1972	1
zullen	hebben	kunnen	zijn	weg_laten	1908	1
zullen	hebben	laten	blijven	sterven	1860	1
zullen	hebben	laten	zijn	liggen	1883	1
zullen	hebben	lopen	worden	af_snijden	1916	1
zullen	hebben	lopen	worden	mee_sleuren	1968	1
zullen	hebben	lopen	worden	nationaliseren	1964	1
zullen	hebben	lopen	worden	op_zetten	1964	1
zullen	hebben	lopen	worden	plaatsen	1989	1
zullen	hebben	maken	blijven	spelen	1917	1
zullen	hebben	menen	hebben	doen	1865	1
zullen	hebben	menen	kunnen	geven	1917	1
zullen	hebben	menen	kunnen	maken	1899	2
zullen	hebben	menen	moeten	begaan	1927	1
zullen	hebben	menen	moeten	vermelden	1943	1
zullen	hebben	menen	mogen	zien	1883	1
zullen	hebben	menen	zijn	confronteren	1964	1
zullen	hebben	menen	zijn	op_werpen	1888	1
zullen	hebben	moeten	doen	bewaren	1977	1
zullen	hebben	moeten	doen	gelden	1970	1
zullen	hebben	moeten	doen	in_zien	1930	1
zullen	hebben	moeten	doen	in_zien	1956	1
zullen	hebben	moeten	doen	post_vatten	1913	1
zullen	hebben	moeten	doen	twijfelen	1916	1
zullen	hebben	moeten	kunnen	af_lezen	1958	1
zullen	hebben	moeten	kunnen	gebeuren	1880	1
zullen	hebben	moeten	kunnen	leren	1963	1
zullen	hebben	moeten	laten	blijken	1978	1
zullen	hebben	moeten	laten	ontdoen	1974	1
zullen	hebben	moeten	worden	op_geven	1885	1
zullen	hebben	moeten	worden	op_heffen	1850	1
zullen	hebben	moeten	worden	vertalen	1949	1
zullen	hebben	moeten	zijn	spreken	1846	1
zullen	hebben	moeten	zijn	toe_gaan	1890	1
zullen	hebben	mogen	leren	smeden	1968	1
zullen	hebben	mogen	worden	bevaren	1896	1
zullen	hebben	mogen	worden	op_nemen	1950	1
zullen	hebben	pogen	laten	sterven	1874	1
zullen	hebben	proberen	krijgen	draaien	1967	1
zullen	hebben	vergeten	hebben	vermelden	1877	1
zullen	hebben	verlangen	hebben	leven	1953	1
zullen	hebben	verzuimen	laten	liggen	1909	1
zullen	hebben	vinden	laten	komen	1999	1
zullen	hebben	vinden	moeten	beklimmen	1906	1
zullen	hebben	wagen	doen	verschijnen	1899	1
zullen	hebben	wagen	gaan	slapen	1955	1
zullen	hebben	wensen	hebben	aan_treffen	1942	1
zullen	hebben	wensen	kunnen	maken	1908	1
zullen	hebben	wensen	maken	bezitten	1961	1
zullen	hebben	wensen	worden	behandelen	1932	1
zullen	hebben	wensen	zien	door_schitteren	1841	1
zullen	hebben	wensen	zijn	zijn	1839	1
zullen	hebben	willen	doen	begrijpen	1949	1
zullen	hebben	willen	doen	protesteren	1862	1
zullen	hebben	willen	doen	voelen	1901	1
zullen	hebben	willen	horen	aan_tonen	1859	1
zullen	hebben	willen	laten	door_gaan	1857	1
zullen	hebben	willen	laten	drukken	1955	1
zullen	hebben	willen	laten	juichen	1936	1
zullen	hebben	willen	laten	maken	1902	1
zullen	hebben	willen	laten	reiken	1891	1
zullen	hebben	willen	laten	vangen	1985	1
zullen	hebben	willen	zien	dansen	1917	1
zullen	hebben	willen	zien	eindigen	1894	1
zullen	hebben	willen	zien	handelen	1892	1
zullen	hebben	willen	zien	na_jagen	1947	1
zullen	hebben	willen	zien	ontrukken	1932	1
zullen	hebben	willen	zien	schrijven	1904	1
zullen	hebben	willen	zien	voor_stellen	1845	1
zullen	hebben	willen	zien	zegevieren	1951	1
zullen	hebben	zeggen	hebben	scheppen	1947	1
zullen	hebben	zeggen	kunnen	beleven	1994	2
zullen	hebben	zeggen	willen	ontdekken	1858	1
zullen	hebben	zien	blijven	liggen	1857	1
zullen	kunnen	behoren	worden	verenigen	1867	1
zullen	kunnen	beweren	hebben	hebben	1929	1
zullen	kunnen	beweren	zijn	vergeten	1910	1
zullen	kunnen	blijken	hebben	sneeuwen	1974	1
zullen	kunnen	blijven	worden	op_vatten	1988	1
zullen	kunnen	denken	hebben	doen	1954	1
zullen	kunnen	denken	hebben	maken	1986	1
zullen	kunnen	denken	hebben	maken	1994	1
zullen	kunnen	doen	besluiten	tussen_komen	1993	1
zullen	kunnen	doen	blijven	beperken	1910	1
zullen	kunnen	gaan	zitten	praten	1889	1
zullen	kunnen	geloven	hebben	volbrengen	1951	1
zullen	kunnen	hebben	doen	in_binden	1924	1
zullen	kunnen	hebben	leren	stellen	1926	1
zullen	kunnen	helpen	doen	af_vloeien	1914	1
zullen	kunnen	hopen	kunnen	naderen	1861	1
zullen	kunnen	laten	liggen	liggen	1857	1
zullen	kunnen	laten	worden	geboren	1859	1
zullen	kunnen	lopen	moeten	bezwijken	1908	1
zullen	kunnen	menen	hebben	bereiken	1915	1
zullen	kunnen	menen	hebben	doen	1915	1
zullen	kunnen	menen	hebben	doen	1932	1
zullen	kunnen	menen	hebben	doen	1943	1
zullen	kunnen	menen	hebben	vinden	1991	1
zullen	kunnen	menen	horen	spreken	1936	1
zullen	kunnen	menen	moeten	denken	1880	1
zullen	kunnen	menen	worden	sturen	1873	1
zullen	kunnen	menen	zijn	ontslaan	1910	1
zullen	kunnen	menen	zullen	vinden	1950	1
zullen	kunnen	moeten	worden	zoeken	1954	1
zullen	kunnen	proberen	gaan	doen	1980	1
zullen	kunnen	proberen	worden	erkennen	1957	1
zullen	kunnen	trachten	doen	in_stellen	1940	1
zullen	kunnen	trachten	doen	wijzigen	1928	1
zullen	kunnen	wensen	hebben	schrijven	1931	1
zullen	kunnen	worden	denken	samen_brengen	1964	1
zullen	kunnen	worden	maken	analyseren	1973	1
zullen	kunnen	worden	trachten	vragen	1968	1
zullen	kunnen	worden	weigeren	op_trekken	1904	1
zullen	kunnen	worden	zeggen	bestaan	1886	1
zullen	kunnen	worden	zeggen	hebben	1864	1
zullen	kunnen	worden	zeggen	vertegenwoordigen	1848	1
zullen	kunnen	zeggen	doen	herleven	1982	1
zullen	kunnen	zeggen	hebben	aan_kijken	1918	1
zullen	kunnen	zeggen	hebben	bewijzen	1868	1
zullen	kunnen	zeggen	hebben	doen	1961	1
zullen	kunnen	zeggen	hebben	tekenen	1880	1
zullen	kunnen	zeggen	hebben	zien	1959	1
zullen	kunnen	zien	worden	geboren	1868	1
zullen	kunnen	zijn	blijven	bewaren	1901	1
zullen	kunnen	zijn	blijven	verkeren	1915	1
zullen	kunnen	zijn	gaan	heulen	1996	1
zullen	menen	hebben	mogen	verwachten	1939	1
zullen	moeten	beloven	zullen	handhaven	1860	1
zullen	moeten	besluiten	doen	geven	1960	1
zullen	moeten	blijven	worden	straffen	1975	1
zullen	moeten	blijven	zitten	corrigeren	1962	1
zullen	moeten	blijven	zitten	praten	1952	1
zullen	moeten	doen	worden	geboren	1908	1
zullen	moeten	hebben	leren	bukken	1980	1
zullen	moeten	hebben	leren	gebruiken	1992	1
zullen	moeten	hebben	leren	schikken	1860	1
zullen	moeten	hebben	leren	zijn	1883	1
zullen	moeten	kunnen	doen	ondersteunen	1896	1
zullen	moeten	kunnen	doen	roteren	1917	1
zullen	moeten	kunnen	durven	sterven	1993	1
zullen	moeten	kunnen	leren	werken	1986	1
zullen	moeten	kunnen	worden	aan_tonen	1914	1
zullen	moeten	kunnen	worden	aan_voeren	1928	1
zullen	moeten	kunnen	worden	aan_voeren	1966	1
zullen	moeten	kunnen	worden	aan_wijzen	1983	1
zullen	moeten	kunnen	worden	achterhalen	1987	1
zullen	moeten	kunnen	worden	af_dwingen	1967	1
zullen	moeten	kunnen	worden	af_leiden	1983	1
zullen	moeten	kunnen	worden	begrijpen	1987	2
zullen	moeten	kunnen	worden	beklemtonen	1980	1
zullen	moeten	kunnen	worden	benaderen	1971	1
zullen	moeten	kunnen	worden	beschouwen	1928	1
zullen	moeten	kunnen	worden	besteden	1975	1
zullen	moeten	kunnen	worden	gebruiken	1983	1
zullen	moeten	kunnen	worden	gebruiken	1984	1
zullen	moeten	kunnen	worden	geven	1915	1
zullen	moeten	kunnen	worden	interpreteren	1978	1
zullen	moeten	kunnen	worden	maken	1979	1
zullen	moeten	kunnen	worden	mee_rekenen	1987	1
zullen	moeten	kunnen	worden	ontbinden	1901	1
zullen	moeten	kunnen	worden	op_lossen	1980	1
zullen	moeten	kunnen	worden	op_voeren	1894	1
zullen	moeten	kunnen	worden	over_doen	1981	1
zullen	moeten	kunnen	worden	rekenen	1907	1
zullen	moeten	kunnen	worden	stellen	1888	1
zullen	moeten	kunnen	worden	topicaliseren	1983	1
zullen	moeten	kunnen	worden	uit_breiden	1972	1
zullen	moeten	kunnen	worden	verantwoorden	1980	1
zullen	moeten	kunnen	worden	verantwoorden	1992	1
zullen	moeten	kunnen	worden	verbinden	1980	1
zullen	moeten	kunnen	worden	verhinderen	1974	1
zullen	moeten	kunnen	worden	verklaren	1903	1
zullen	moeten	kunnen	worden	verklaren	1939	1
zullen	moeten	kunnen	worden	vinden	1970	1
zullen	moeten	kunnen	worden	voort_brengen	1969	1
zullen	moeten	kunnen	worden	willen	1988	1
zullen	moeten	kunnen	zijn	onderrichten	1898	1
zullen	moeten	laten	hebben	weerstaan	1847	1
zullen	moeten	leren	durven	zien	1956	1
zullen	moeten	leren	laten	zeggen	1979	1
zullen	moeten	mogen	worden	prikkelen	1965	1
zullen	moeten	proberen	doen	zien	1970	1
zullen	moeten	proberen	laten	doen	1957	1
zullen	moeten	trachten	doen	verrijzen	1906	1
zullen	moeten	trachten	doen	verwerven	1919	1
zullen	moeten	vinden	worden	sampelen	1997	1
zullen	moeten	wagen	willen	versterken	1919	1
zullen	moeten	worden	pogen	reconstrueren	1960	1
zullen	moeten	worden	trachten	geven	1925	1
zullen	moeten	worden	trachten	houden	1907	1
zullen	moeten	worden	trachten	voort_gaan	1922	1
zullen	moeten	zien	doen	verdwijnen	1934	1
zullen	moeten	zijn	blijven	herhalen	1946	1
zullen	moeten	zoeken	laten	leiden	1948	1
zullen	mogen	beweren	hebben	vinden	1875	1
zullen	mogen	eisen	worden	beoordelen	1892	1
zullen	mogen	geloven	hebben	af_doen	1879	1
zullen	mogen	kunnen	worden	interpreteren	1960	1
zullen	trachten	houden	doen	dalen	1907	1
zullen	vallen	zeggen	doen	aan_nemen	1970	1
zullen	vinden	mogen	worden	verleiden	1935	1
zullen	wensen	hebben	mogen	aan_treffen	1966	1
zullen	wensen	hebben	zien	behouden	1845	1
zullen	wensen	kunnen	blijven	door_lopen	1922	1
zullen	wensen	mogen	laten	over_drukken	1867	1
zullen	willen	beweren	hebben	verifiÃ«ren	1962	1
zullen	willen	geven	laten	schrijven	1958	1
zullen	willen	geven	laten	varen	1869	1
zullen	willen	proberen	doen	plaats_hebben	1950	1
zullen	willen	zien	worden	aan_nemen	1934	1
zullen	worden	trachten	doen	gevoelen	1933	1
zullen	worden	trachten	doen	voelen	1897	1
zullen	worden	trachten	kunnen	op_vangen	1968	1
zullen	zijn	blijven	doen	gelden	1932	1
zullen	zijn	gaan	horen	spreken	1914	1
zullen	zijn	houden	blijven	na_komen	1936	1
zullen	zijn	houden	blijven	vervullen	1886	1
zullen	zijn	houden	hebben	stichten	1848	1
zullen	zijn	houden	laten	gebruiken	1878	1
zullen	zijn	kunnen	worden	op_kopen	1917	1
zullen	zijn	maken	kunnen	bedreigen	1915	1
zullen	zullen	kunnen	worden	aan_wenden	1869	1
