hebben	beloven	laten	bezetten	1880	1
hebben	beloven	willen	op_schorten	1895	1
hebben	denken	zullen	aan_treffen	1874	1
hebben	doen	besluiten	onterven	1874	1
hebben	hopen	kunnen	uit_stellen	1918	1
hebben	kunnen	blijven	rond_zwerven	1972	1
hebben	kunnen	doen	gelden	1952	1
hebben	kunnen	doen	verdwijnen	1964	1
hebben	kunnen	helpen	door_drukken	1973	1
hebben	kunnen	worden	dempen	1874	1
hebben	kunnen	worden	redden	1991	1
hebben	kunnen	worden	uit_drukken	1912	1
hebben	kunnen	worden	verkrijgen	1875	1
hebben	kunnen	worden	vermijden	1912	1
hebben	kunnen	worden	voeren	1839	1
hebben	kunnen	worden	voort_brengen	1985	1
hebben	kunnen	worden	zwijgen	1894	1
hebben	kunnen	zijn	schrijven	1940	1
hebben	menen	moeten	aan_vullen	1839	1
hebben	menen	moeten	straffen	1978	1
hebben	menen	mogen	rekenen	1902	1
hebben	moeten	gaan	liggen	1959	1
hebben	moeten	laten	varen	1875	1
hebben	moeten	laten	wel_gevallen	1898	1
hebben	moeten	willen	lezen	1937	1
hebben	moeten	worden	in_zenden	1912	1
hebben	moeten	worden	verwerken	1913	1
hebben	moeten	worden	verwijzen	1994	1
hebben	moeten	zijn	verenigen	1875	1
hebben	trachten	doen	door_ademen	1936	1
hebben	wensen	kunnen	flirten	1919	1
hebben	willen	laten	uit_schijnen	1978	1
hebben	willen	zien	onderkennen	1975	1
hebben	zeggen	zullen	stellen	1869	1
kunnen	worden	pogen	vergroten	1979	1
lijken	kunnen	worden	toe_passen	1985	1
moeten	hebben	verlangen	horen	1875	1
moeten	kunnen	worden	af_schaffen	1894	1
moeten	zijn	gaan	haten	1955	1
moeten	zijn	zijn	excuseren	1957	1
mogen	zijn	zijn	bewegen	1936	1
schijnen	hebben	hebben	scheppen	1958	1
schijnen	hebben	wagen	tekenen	1839	1
willen	beweren	hebben	zien	1895	1
zijn	kunnen	worden	op_sporen	1874	1
zijn	zijn	gaan	horen	1925	1
zullen	blijken	kunnen	verdragen	1956	1
zullen	doen	worden	geboren	1871	1
zullen	doen	worden	geboren	1961	1
zullen	hebben	denken	brengen	1837	1
zullen	hebben	doen	blijken	1869	1
zullen	hebben	doen	kennen	1903	1
zullen	hebben	doen	over_hellen	1869	1
zullen	hebben	doen	uit_komen	1907	1
zullen	hebben	durven	ontkennen	1895	1
zullen	hebben	kunnen	aan_komen	1949	1
zullen	hebben	kunnen	begrijpen	1937	1
zullen	hebben	kunnen	onderdrukken	1875	1
zullen	hebben	kunnen	op_brengen	1840	1
zullen	hebben	kunnen	schilderen	1971	1
zullen	hebben	kunnen	schrijven	1982	1
zullen	hebben	kunnen	slagen	1888	1
zullen	hebben	kunnen	toe_voegen	1997	1
zullen	hebben	kunnen	verbeteren	1955	1
zullen	hebben	kunnen	vinden	1874	1
zullen	hebben	kunnen	vormen	1875	1
zullen	hebben	kunnen	zeggen	1925	1
zullen	hebben	kunnen	zeggen	1935	1
zullen	hebben	kunnen	zeggen	1948	1
zullen	hebben	kunnen	zeggen	1955	1
zullen	hebben	kunnen	zijn	1875	1
zullen	hebben	moeten	overtreden	1979	1
zullen	hebben	moeten	zwoegen	1997	1
zullen	hebben	wensen	lezen	1875	1
zullen	hebben	willen	vervangen	1888	1
zullen	hebben	willen	zeggen	1925	1
zullen	hebben	zien	zitten	1978	1
zullen	kunnen	doen	verdwijnen	1952	1
zullen	kunnen	doen	vermoeden	1919	1
zullen	kunnen	doen	winnen	1912	1
zullen	kunnen	gaan	menen	1934	1
zullen	kunnen	hebben	verruimen	1931	1
zullen	kunnen	laten	stellen	1979	1
zullen	kunnen	laten	vermoeden	1945	1
zullen	kunnen	laten	zien	1979	1
zullen	kunnen	lopen	weer_geven	1968	1
zullen	kunnen	worden	belemmeren	1934	1
zullen	kunnen	worden	beschermen	1916	1
zullen	kunnen	worden	bijten	1964	1
zullen	kunnen	worden	geven	1843	1
zullen	kunnen	worden	klaren	1989	1
zullen	kunnen	worden	leggen	1979	1
zullen	kunnen	worden	missen	1919	1
zullen	kunnen	worden	noemen	1926	1
zullen	kunnen	worden	op_nemen	1960	1
zullen	kunnen	worden	op_voeren	1995	1
zullen	kunnen	worden	openen	1869	1
zullen	kunnen	worden	rangschikken	1979	1
zullen	kunnen	worden	schrijven	1978	1
zullen	kunnen	worden	stellen	1965	1
zullen	kunnen	worden	terug_brengen	1946	1
zullen	kunnen	worden	trekken	1934	1
zullen	kunnen	worden	uit_breiden	1979	1
zullen	kunnen	worden	uit_stellen	1934	1
zullen	kunnen	worden	verklaren	1982	1
zullen	kunnen	worden	verkleinen	1979	1
zullen	kunnen	worden	verkrijgen	1905	1
zullen	kunnen	worden	vermeerderen	1989	1
zullen	kunnen	worden	veroordelen	1979	1
zullen	kunnen	worden	verruimen	1946	1
zullen	kunnen	worden	vervolgen	1994	1
zullen	kunnen	worden	voor_schrijven	1912	1
zullen	kunnen	worden	weg_laten	1906	1
zullen	kunnen	zijn	dichten	1948	1
zullen	kunnen	zijn	schrijven	1919	1
zullen	kunnen	zijn	verminken	1994	1
zullen	kunnen	zijn	veroorzaken	1975	1
zullen	kunnen	zijn	versterken	1992	1
zullen	kunnen	zijn	zijn	1847	1
zullen	moeten	besluiten	op_zoeken	1904	1
zullen	moeten	blijven	begrijpen	1957	1
zullen	moeten	gaan	kopen	1957	1
zullen	moeten	hebben	nemen	1992	1
zullen	moeten	kunnen	geven	1991	1
zullen	moeten	kunnen	worden	1991	1
zullen	moeten	trachten	vullen	1953	1
zullen	moeten	worden	aan_zien	1939	1
zullen	moeten	worden	bestrijden	1997	1
zullen	moeten	worden	compenseren	1979	1
zullen	moeten	worden	doden	1894	1
zullen	moeten	worden	doen	1981	1
zullen	moeten	worden	dragen	1979	1
zullen	moeten	worden	exploiteren	1950	1
zullen	moeten	worden	handhaven	1950	1
zullen	moeten	worden	herschrijven	1992	1
zullen	moeten	worden	houden	1905	1
zullen	moeten	worden	maken	1979	1
zullen	moeten	worden	markeren	1979	1
zullen	moeten	worden	ontwikkelen	1992	1
zullen	moeten	worden	op_richten	1871	1
zullen	moeten	worden	publiceren	1957	1
zullen	moeten	worden	reageren	1968	1
zullen	moeten	worden	richten	1980	1
zullen	moeten	worden	toe_passen	1979	1
zullen	moeten	worden	toe_schrijven	1888	1
zullen	moeten	worden	toe_schrijven	1917	1
zullen	moeten	worden	uit_voeren	1979	2
zullen	moeten	worden	verdelen	1979	1
zullen	moeten	worden	verkrijgen	1905	1
zullen	moeten	worden	vinden	1951	1
zullen	moeten	worden	voegen	1965	1
zullen	moeten	worden	werken	1904	1
zullen	moeten	worden	zorgen	1959	1
zullen	moeten	zien	begraven	1924	1
zullen	mogen	worden	gebruiken	1919	1
zullen	mogen	worden	vragen	1912	1
zullen	wensen	zien	beschermen	1871	1
zullen	wensen	zien	stellen	1871	1
zullen	willen	geven	herzien	1975	1
zullen	worden	trachten	geven	1912	1
zullen	zijn	blijven	hangen	1955	1
zullen	zijn	gaan	beschouwen	1919	1
