beginnen	worden	intrigeren	1964	1
behoeven	gaan	staan	1952	1
behoeven	komen	op_eten	1925	1
behoeven	laten	passeren	1894	1
behoeven	worden	aan_tonen	1912	1
behoeven	worden	bestendigen	1905	1
behoeven	worden	herinneren	1888	1
behoeven	worden	rekenen	1907	1
behoeven	worden	twijfelen	1912	1
behoeven	worden	verontschuldigen	1972	1
behoeven	worden	vrezen	1952	1
behoeven	worden	wijzen	1979	1
behoeven	worden	zeggen	1846	1
behoeven	worden	zeggen	1869	1
behoeven	worden	zoeken	1869	1
behoeven	worden	zoeken	1905	1
behoeven	worden	zoeken	1911	1
behoren	worden	behandelen	1905	1
behoren	worden	na_streven	1934	1
behoren	worden	onderhouden	1920	1
behoren	worden	rekenen	1948	1
behoren	zijn	richten	1934	1
behoren	zijn	verbieden	1871	1
behoren	zijn	verenigen	1934	1
beloven	zullen	leveren	1857	1
beloven	zullen	op_houden	1988	1
beloven	zullen	slagen	1910	1
besluiten	blijven	staan	1975	1
besluiten	gaan	toe_leggen	1973	1
besluiten	gaan	zien	1907	1
besluiten	helpen	winnen	1949	1
blijken	hebben	dwalen	1999	1
blijken	hebben	hebben	1991	1
blijken	hebben	lezen	1955	1
blijken	hebben	missen	1999	1
blijken	hebben	schenken	1991	1
blijken	hebben	spelen	1972	1
blijken	hebben	verliezen	1912	1
blijken	hebben	voort_brengen	1959	1
blijken	kunnen	bieden	1991	1
blijken	kunnen	redden	1951	1
blijken	worden	verleggen	1985	1
blijken	zijn	bestemmen	1935	1
blijken	zijn	door_dringen	1888	1
blijken	zijn	interesseren	1991	1
blijken	zijn	op_nemen	1959	1
blijken	zijn	verdwijnen	1985	1
blijken	zijn	worden	1902	1
blijken	zijn	worden	1988	2
blijken	zijn	zijn	1916	1
blijken	zijn	zijn	1922	1
blijven	staan	toe_kijken	1925	1
blijven	weigeren	aanvaarden	1989	1
blijven	weigeren	onderwerpen	1950	1
blijven	zitten	lichten	1905	1
blijven	zitten	staren	1905	1
denken	hebben	vinden	1842	1
denken	kunnen	brengen	1924	1
denken	kunnen	zingen	1904	1
denken	zijn	door_dringen	1999	1
denken	zullen	schrijven	1923	1
dienen	laten	lopen	1880	1
dienen	worden	aan_brengen	1989	1
dienen	worden	behartigen	1934	1
dienen	worden	beschouwen	1934	1
dienen	worden	bewijzen	1959	1
dienen	worden	brengen	1975	1
dienen	worden	denken	1991	1
dienen	worden	door_voeren	1934	1
dienen	worden	in_nemen	1981	1
dienen	worden	in_ruimen	1982	1
dienen	worden	klimmen	1971	1
dienen	worden	maken	1970	1
dienen	worden	na_gaan	1948	1
dienen	worden	nemen	1894	1
dienen	worden	nuanceren	1991	1
dienen	worden	op_merken	1946	1
dienen	worden	op_vatten	1985	2
dienen	worden	overschrijden	1961	1
dienen	worden	overwegen	1975	1
dienen	worden	rangschikken	1934	1
dienen	worden	rekenen	1961	1
dienen	worden	schrappen	1953	1
dienen	worden	schrappen	1995	1
dienen	worden	stellen	1979	1
dienen	worden	toe_spreken	1931	1
dienen	worden	uit_schakelen	1980	1
dienen	worden	vermelden	1975	1
dienen	worden	vermelden	1992	1
dienen	worden	verwerpen	1890	1
dienen	worden	voldoen	1953	1
dienen	worden	vooronderstellen	1934	1
dienen	worden	wijden	1975	1
dienen	worden	zeggen	1953	1
dienen	worden	zenden	1945	1
dienen	worden	zien	1961	1
dienen	zijn	bedenken	1973	1
dienen	zijn	oefenen	1906	1
doen	doen	verliezen	1965	1
doen	staan	blijven	1890	1
dreigen	doen	verlopen	1922	1
dreigen	worden	minoriseren	1989	1
dreigen	worden	ontbinden	1934	1
dreigen	worden	verliezen	1934	1
dreigen	worden	verstikken	1931	1
dreigen	zullen	doen	1931	1
dreigen	zullen	weg_lopen	1910	1
durven	laten	gaan	1972	1
durven	laten	proberen	1935	1
durven	laten	zien	1960	1
gaan	proberen	worden	1926	1
gaan	staan	kijken	1960	1
gaan	staan	kijken	1999	1
gaan	worden	herscheppen	1945	1
geloven	kunnen	beledigen	1906	1
geloven	mogen	eindigen	1846	1
geloven	mogen	getuigen	1858	1
hebben	behoeven	grijpen	1951	1
hebben	behoeven	verkwijn	1891	1
hebben	behoren	herinneren	1843	1
hebben	behoren	in_zien	1905	1
hebben	behoren	op_wekken	1888	1
hebben	behoren	zijn	1869	1
hebben	beloven	bespreken	1968	1
hebben	beloven	helpen	1860	1
hebben	beloven	vallen	1978	1
hebben	beloven	verlenen	1896	1
hebben	beloven	volgen	1860	1
hebben	besluiten	door_werken	1935	1
hebben	besluiten	handhaven	1971	1
hebben	besluiten	toe_geven	1895	1
hebben	besluiten	verstrekken	1955	1
hebben	dienen	wijzen	1919	1
hebben	doen	begaan	1874	1
hebben	doen	bezetten	1880	2
hebben	doen	denken	1935	1
hebben	doen	door_vechten	1945	1
hebben	doen	gaan	1890	1
hebben	doen	gelden	1918	1
hebben	doen	gelden	1934	1
hebben	doen	gelden	1954	1
hebben	doen	gelukken	1880	1
hebben	doen	geven	1910	1
hebben	doen	gevoelen	1871	1
hebben	doen	gevoelen	1925	1
hebben	doen	groeien	1951	1
hebben	doen	horen	1869	1
hebben	doen	kennen	1874	1
hebben	doen	kennen	1911	1
hebben	doen	kennen	1919	1
hebben	doen	klinken	1869	1
hebben	doen	komen	1895	1
hebben	doen	lachen	1911	1
hebben	doen	lijden	1926	1
hebben	doen	neer_dalen	1949	1
hebben	doen	ontbieden	1843	1
hebben	doen	ontbieden	1895	1
hebben	doen	ontspringen	1903	1
hebben	doen	ontstaan	1895	1
hebben	doen	ontstaan	1909	1
hebben	doen	op_gaan	1857	1
hebben	doen	op_merken	1846	1
hebben	doen	op_merken	1875	1
hebben	doen	op_vatten	1894	1
hebben	doen	op_vatten	1935	1
hebben	doen	over_slaan	1869	1
hebben	doen	richten	1895	1
hebben	doen	samen_gaan	1869	1
hebben	doen	schijnen	1875	1
hebben	doen	schijnen	1891	1
hebben	doen	schrikken	1895	1
hebben	doen	sidderen	1875	1
hebben	doen	spannen	1869	1
hebben	doen	stijgen	1961	1
hebben	doen	terecht_komen	1978	1
hebben	doen	uit_reiken	1895	1
hebben	doen	vatten	1961	1
hebben	doen	veranderen	1951	1
hebben	doen	verdorren	1837	1
hebben	doen	vergeten	1837	1
hebben	doen	vergeten	1841	1
hebben	doen	verleggen	1951	1
hebben	doen	vermoeden	1910	1
hebben	doen	verschijnen	1948	1
hebben	doen	verwachten	1888	1
hebben	doen	verwachten	1922	1
hebben	doen	vloeien	1952	1
hebben	doen	voelen	1841	1
hebben	doen	weten	1895	1
hebben	doen	winnen	1858	1
hebben	doen	zien	1926	1
hebben	doen	zien	1946	1
hebben	durven	doen	1841	1
hebben	durven	dromen	1940	1
hebben	durven	leven	1926	1
hebben	durven	spreken	1964	1
hebben	durven	toe_voegen	1903	1
hebben	durven	werpen	1891	1
hebben	geven	kennen	1874	1
hebben	geven	kennen	1880	1
hebben	geven	kennen	1959	1
hebben	geven	kennen	1994	1
hebben	geven	leven	1995	1
hebben	geven	verstaan	1949	1
hebben	hangen	drogen	1906	1
hebben	hebben	danken	1880	2
hebben	hebben	danken	1894	1
hebben	hebben	danken	1917	1
hebben	hebben	danken	1988	1
hebben	hebben	doen	1874	1
hebben	hebben	doen	1895	1
hebben	hebben	eten	1840	1
hebben	hebben	lijden	1979	2
hebben	hebben	op_hebben	1979	1
hebben	hebben	schrijven	1908	1
hebben	hebben	uit_staan	1922	1
hebben	hebben	verzwakken	1880	1
hebben	helpen	af_slaan	1896	1
hebben	helpen	bevorderen	1997	1
hebben	helpen	dragen	1846	1
hebben	helpen	over_kalken	1971	1
hebben	helpen	vervullen	1918	1
hebben	hoeven	vervangen	1924	1
hebben	horen	bespreken	1894	1
hebben	horen	komen	1940	1
hebben	horen	komen	1959	1
hebben	horen	lezen	1922	1
hebben	horen	noemen	1894	1
hebben	horen	open_gaan	1918	1
hebben	horen	spreken	1964	1
hebben	horen	uit_spreken	1946	1
hebben	horen	vertellen	1992	1
hebben	horen	voor_dragen	1971	1
hebben	horen	zeggen	1959	1
hebben	krijgen	verduren	1978	1
hebben	krijgen	zenden	1924	1
hebben	kunnen	aan_zien	1906	1
hebben	kunnen	achterhalen	1992	1
hebben	kunnen	af_leren	1842	1
hebben	kunnen	af_maken	1935	1
hebben	kunnen	af_werken	1971	1
hebben	kunnen	af_werken	1981	1
hebben	kunnen	bedonderen	1964	1
hebben	kunnen	begrijpen	1905	1
hebben	kunnen	begrijpen	1972	1
hebben	kunnen	behandelen	1959	1
hebben	kunnen	behouden	1874	1
hebben	kunnen	beleven	1972	1
hebben	kunnen	beoordelen	1837	1
hebben	kunnen	bereiken	1891	1
hebben	kunnen	beroepen	1937	1
hebben	kunnen	besparen	1842	1
hebben	kunnen	bespeuren	1880	1
hebben	kunnen	bespringen	1959	1
hebben	kunnen	bestuderen	1943	1
hebben	kunnen	bevorderen	1951	1
hebben	kunnen	bewerken	1857	1
hebben	kunnen	bewerken	1951	1
hebben	kunnen	bewijzen	1857	1
hebben	kunnen	bewonderen	1907	1
hebben	kunnen	bewonderen	1956	1
hebben	kunnen	bezwijken	1972	1
hebben	kunnen	bieden	1978	1
hebben	kunnen	bij_wonen	1846	1
hebben	kunnen	blijven	1890	1
hebben	kunnen	bouwen	1978	1
hebben	kunnen	breken	1880	1
hebben	kunnen	brengen	1935	1
hebben	kunnen	brengen	1937	1
hebben	kunnen	definieeren	1919	1
hebben	kunnen	denken	1888	1
hebben	kunnen	denken	1922	1
hebben	kunnen	dienen	1934	1
hebben	kunnen	doen	1841	1
hebben	kunnen	doen	1937	1
hebben	kunnen	doen	1949	1
hebben	kunnen	doen	1954	1
hebben	kunnen	doen	1979	1
hebben	kunnen	doen	1999	1
hebben	kunnen	dragen	1955	1
hebben	kunnen	dromen	1949	1
hebben	kunnen	gaan	1871	1
hebben	kunnen	gaan	1912	1
hebben	kunnen	handelen	1918	1
hebben	kunnen	handhaven	1999	1
hebben	kunnen	hebben	1880	1
hebben	kunnen	helpen	1926	2
hebben	kunnen	herschrijven	1971	1
hebben	kunnen	heten	1895	1
hebben	kunnen	houden	1911	1
hebben	kunnen	houden	1972	1
hebben	kunnen	in_storten	1841	1
hebben	kunnen	komen	1982	1
hebben	kunnen	kopen	1963	1
hebben	kunnen	kopen	1978	1
hebben	kunnen	krijgen	1917	1
hebben	kunnen	krijgen	1930	1
hebben	kunnen	krijgen	1995	1
hebben	kunnen	kweken	1841	1
hebben	kunnen	laten	1959	1
hebben	kunnen	leiden	1946	1
hebben	kunnen	leren	1999	1
hebben	kunnen	lezen	1903	1
hebben	kunnen	lezen	1907	1
hebben	kunnen	lezen	1950	1
hebben	kunnen	lezen	1997	1
hebben	kunnen	lief_hebben	1841	1
hebben	kunnen	liggen	1918	1
hebben	kunnen	liggen	1997	1
hebben	kunnen	los_maken	1905	1
hebben	kunnen	maken	1919	1
hebben	kunnen	maken	1957	1
hebben	kunnen	mee_geven	1954	1
hebben	kunnen	menen	1922	1
hebben	kunnen	missen	1933	1
hebben	kunnen	na_gaan	1982	1
hebben	kunnen	naderen	1937	1
hebben	kunnen	nemen	1909	1
hebben	kunnen	nemen	1926	1
hebben	kunnen	ondernemen	1869	1
hebben	kunnen	ondervinden	1956	1
hebben	kunnen	ondervragen	1909	1
hebben	kunnen	onthouden	1888	1
hebben	kunnen	ontkomen	1896	1
hebben	kunnen	op_bloeien	1936	1
hebben	kunnen	op_brengen	1951	1
hebben	kunnen	op_nemen	1912	1
hebben	kunnen	op_sporen	1896	2
hebben	kunnen	op_tillen	1905	1
hebben	kunnen	op_treden	1939	1
hebben	kunnen	op_zwepen	1895	1
hebben	kunnen	over_ijlen	1837	1
hebben	kunnen	overbruggen	1922	1
hebben	kunnen	overtuigen	1891	1
hebben	kunnen	plegen	1994	1
hebben	kunnen	raden	1978	1
hebben	kunnen	redden	1952	1
hebben	kunnen	regelen	1874	1
hebben	kunnen	reizen	1935	1
hebben	kunnen	schenken	1922	1
hebben	kunnen	schenken	1924	1
hebben	kunnen	schieten	1999	1
hebben	kunnen	schrijven	1857	1
hebben	kunnen	schrijven	1935	1
hebben	kunnen	slachten	1941	1
hebben	kunnen	slapen	1841	1
hebben	kunnen	steken	1888	1
hebben	kunnen	stellen	1952	1
hebben	kunnen	terug_vinden	1964	1
hebben	kunnen	toe_eigenen	1992	1
hebben	kunnen	treffen	1959	1
hebben	kunnen	trekken	1846	1
hebben	kunnen	trouwen	1930	1
hebben	kunnen	twijfelen	1930	1
hebben	kunnen	uit_geven	1857	1
hebben	kunnen	uit_geven	1994	1
hebben	kunnen	uit_kramen	1968	1
hebben	kunnen	uit_oefenen	1875	1
hebben	kunnen	uit_stijgen	1999	1
hebben	kunnen	uit_werken	1934	1
hebben	kunnen	vast_stellen	1933	1
hebben	kunnen	vast_stellen	1956	1
hebben	kunnen	vast_stellen	1960	1
hebben	kunnen	vast_stellen	1982	1
hebben	kunnen	verbergen	1959	1
hebben	kunnen	verbergen	1964	1
hebben	kunnen	verbinden	1875	1
hebben	kunnen	verblinden	1925	1
hebben	kunnen	verdenken	1964	1
hebben	kunnen	verhinderen	1945	1
hebben	kunnen	verhinderen	1980	1
hebben	kunnen	verkrijgen	1847	1
hebben	kunnen	verkrijgen	1888	1
hebben	kunnen	verlaten	1875	1
hebben	kunnen	vermijden	1839	1
hebben	kunnen	veroorzaken	1999	1
hebben	kunnen	verrichten	1857	1
hebben	kunnen	verruimen	1964	1
hebben	kunnen	vertellen	1935	1
hebben	kunnen	vervullen	1941	1
hebben	kunnen	verwerken	1956	1
hebben	kunnen	verwerken	1991	1
hebben	kunnen	verwerven	1875	1
hebben	kunnen	verwezenlijken	1992	1
hebben	kunnen	verwonderen	1951	1
hebben	kunnen	verzekeren	1875	1
hebben	kunnen	vestigen	1839	1
hebben	kunnen	vinden	1857	1
hebben	kunnen	vinden	1891	2
hebben	kunnen	vinden	1975	1
hebben	kunnen	vinden	1979	1
hebben	kunnen	volbrengen	1841	1
hebben	kunnen	voor_stellen	1959	1
hebben	kunnen	voorkomen	1875	1
hebben	kunnen	voorkomen	1964	1
hebben	kunnen	voort_leven	1995	1
hebben	kunnen	voorzien	1926	1
hebben	kunnen	vormen	1917	1
hebben	kunnen	waar_nemen	1912	1
hebben	kunnen	weerhouden	1937	1
hebben	kunnen	weigeren	1978	1
hebben	kunnen	weten	1880	1
hebben	kunnen	wijzen	1959	1
hebben	kunnen	winnen	1992	1
hebben	kunnen	worden	1842	1
hebben	kunnen	worden	1875	1
hebben	kunnen	worden	1880	1
hebben	kunnen	worden	1978	1
hebben	kunnen	zeggen	1960	1
hebben	kunnen	zenden	1895	1
hebben	kunnen	zien	1841	1
hebben	kunnen	zien	1978	1
hebben	kunnen	zijn	1846	1
hebben	kunnen	zijn	1869	1
hebben	kunnen	zijn	1875	2
hebben	kunnen	zijn	1895	1
hebben	kunnen	zijn	1918	1
hebben	kunnen	zijn	1919	1
hebben	kunnen	zijn	1922	1
hebben	kunnen	zijn	1928	1
hebben	kunnen	zijn	1948	1
hebben	kunnen	zijn	1956	1
hebben	kunnen	zijn	1964	1
hebben	kunnen	zijn	1977	1
hebben	kunnen	zijn	1994	1
hebben	laten	aan_werven	1906	1
hebben	laten	adviseren	1997	1
hebben	laten	af_halen	1971	1
hebben	laten	begaan	1963	1
hebben	laten	begraven	1837	1
hebben	laten	benadelen	1880	1
hebben	laten	bepalen	1982	1
hebben	laten	bespotten	1907	1
hebben	laten	bestaan	1952	1
hebben	laten	blijken	1936	1
hebben	laten	drijven	1922	1
hebben	laten	drukken	1994	1
hebben	laten	emballeeren	1933	1
hebben	laten	gaan	1922	1
hebben	laten	gaan	1994	1
hebben	laten	gebruiken	1950	1
hebben	laten	gelden	1903	1
hebben	laten	gelden	1945	1
hebben	laten	getuigen	1892	1
hebben	laten	glijden	1895	1
hebben	laten	glijden	1918	1
hebben	laten	helpen	1918	1
hebben	laten	in_schrijven	1946	1
hebben	laten	influenceeren	1923	1
hebben	laten	intimideren	1978	1
hebben	laten	kennis_maken	1937	1
hebben	laten	knippen	1905	1
hebben	laten	komen	1869	1
hebben	laten	komen	1925	1
hebben	laten	leiden	1958	1
hebben	laten	lezen	1935	1
hebben	laten	liggen	1992	1
hebben	laten	lokken	1890	1
hebben	laten	merken	1975	1
hebben	laten	misleiden	1978	1
hebben	laten	ontsnappen	1970	1
hebben	laten	over_halen	1869	1
hebben	laten	over_halen	1895	1
hebben	laten	overtuigen	1924	1
hebben	laten	rinkelen	1995	1
hebben	laten	roepen	1910	1
hebben	laten	schrikken	1963	1
hebben	laten	staan	1905	1
hebben	laten	staan	1919	1
hebben	laten	stoppen	1905	1
hebben	laten	strooien	1950	1
hebben	laten	vallen	1895	1
hebben	laten	vallen	1995	1
hebben	laten	vergaan	1964	1
hebben	laten	verleiden	1880	1
hebben	laten	vermoeden	1970	1
hebben	laten	wachten	1860	1
hebben	laten	weerhouden	1869	1
hebben	laten	zakken	1895	1
hebben	laten	zakken	1995	1
hebben	laten	zien	1919	1
hebben	laten	zien	1949	1
hebben	laten	zien	1954	1
hebben	laten	zien	1981	1
hebben	laten	zien	1989	1
hebben	laten	zinken	1918	1
hebben	leren	begrijpen	1925	1
hebben	leren	beschouwen	1880	1
hebben	leren	bidden	1940	1
hebben	leren	bouwen	1841	1
hebben	leren	drinken	1894	1
hebben	leren	eren	1841	1
hebben	leren	gebruiken	1895	1
hebben	leren	geloven	1933	1
hebben	leren	hoog_achten	1948	1
hebben	leren	houden	1964	1
hebben	leren	in_zien	1842	1
hebben	leren	kennen	1860	1
hebben	leren	kennen	1894	1
hebben	leren	kennen	1902	1
hebben	leren	kennen	1918	1
hebben	leren	kennen	1933	1
hebben	leren	kennen	1937	2
hebben	leren	kennen	1938	1
hebben	leren	kennen	1951	2
hebben	leren	kennen	1955	1
hebben	leren	kennen	1964	1
hebben	leren	kennen	1965	1
hebben	leren	kennen	1977	1
hebben	leren	kennen	1995	1
hebben	leren	lachen	1956	1
hebben	leren	luisteren	1982	1
hebben	leren	schatten	1890	1
hebben	leren	simuleren	1933	1
hebben	leren	verachten	1949	1
hebben	leren	verzetten	1972	1
hebben	leren	zien	1950	1
hebben	leren	zijn	1840	1
hebben	liggen	besluiten	1895	1
hebben	liggen	bezinnen	1919	1
hebben	liggen	denken	1918	1
hebben	liggen	dromen	1963	1
hebben	liggen	wachten	1978	1
hebben	maken	financieren	1952	1
hebben	maken	schrikken	1963	1
hebben	menen	vinden	1874	1
hebben	menen	vinden	1934	1
hebben	menen	zijn	1922	1
hebben	menen	zoeken	1971	1
hebben	moeten	aan_komen	1842	1
hebben	moeten	af_draaien	1910	1
hebben	moeten	af_leveren	1951	1
hebben	moeten	af_staan	1880	2
hebben	moeten	af_staan	1935	1
hebben	moeten	belenen	1926	1
hebben	moeten	beramen	1963	1
hebben	moeten	bieden	1906	1
hebben	moeten	blijven	1839	1
hebben	moeten	blijven	1919	1
hebben	moeten	bouwen	1948	1
hebben	moeten	denken	1926	1
hebben	moeten	doen	1949	1
hebben	moeten	doen	1972	1
hebben	moeten	doen	1992	1
hebben	moeten	door_maken	1971	1
hebben	moeten	door_trekken	1857	1
hebben	moeten	durven	1841	1
hebben	moeten	functioneren	1988	1
hebben	moeten	gaan	1895	1
hebben	moeten	gaan	1926	1
hebben	moeten	gaan	1963	1
hebben	moeten	gaan	1982	2
hebben	moeten	geven	1907	1
hebben	moeten	gevoelen	1937	1
hebben	moeten	gunnen	1894	1
hebben	moeten	helpen	1922	1
hebben	moeten	herhalen	1971	1
hebben	moeten	heten	1874	1
hebben	moeten	heten	1960	1
hebben	moeten	horen	1925	1
hebben	moeten	horen	1971	1
hebben	moeten	houden	1847	1
hebben	moeten	huren	1898	1
hebben	moeten	in_lichten	1975	1
hebben	moeten	keren	1924	1
hebben	moeten	komen	1918	1
hebben	moeten	komen	1948	1
hebben	moeten	krabben	1959	1
hebben	moeten	laten	1973	1
hebben	moeten	leggen	1869	1
hebben	moeten	leggen	1906	1
hebben	moeten	lezen	1937	1
hebben	moeten	lezen	1979	1
hebben	moeten	na_bootsen	1978	1
hebben	moeten	noemen	1846	1
hebben	moeten	om_zien	1846	1
hebben	moeten	ondergaan	1956	1
hebben	moeten	ontgelden	1916	1
hebben	moeten	op_geven	1925	1
hebben	moeten	op_merken	1963	1
hebben	moeten	plaatsen	1841	1
hebben	moeten	prijs_geven	1902	1
hebben	moeten	publiceren	1937	1
hebben	moeten	raadplegen	1936	1
hebben	moeten	raadplegen	1994	1
hebben	moeten	ruilen	1978	1
hebben	moeten	ruimen	1985	1
hebben	moeten	smoren	1890	1
hebben	moeten	staan	1951	1
hebben	moeten	stellen	1982	1
hebben	moeten	stoten	1839	1
hebben	moeten	teren	1919	1
hebben	moeten	terug_nemen	1926	1
hebben	moeten	uit_maken	1963	1
hebben	moeten	uit_scheiden	1924	1
hebben	moeten	verlaten	1874	1
hebben	moeten	vluchten	1880	1
hebben	moeten	voeren	1880	1
hebben	moeten	voeren	1907	1
hebben	moeten	volgen	1841	1
hebben	moeten	volgen	1910	1
hebben	moeten	voort_vloeien	1875	1
hebben	moeten	voort_zetten	1907	1
hebben	moeten	wachten	1960	1
hebben	moeten	wenden	1896	1
hebben	moeten	wenden	1968	1
hebben	moeten	wenen	1924	1
hebben	moeten	werken	1979	1
hebben	moeten	zeggen	1928	1
hebben	moeten	zeggen	1949	1
hebben	moeten	zien	1895	1
hebben	moeten	zien	1902	1
hebben	moeten	zien	1922	1
hebben	moeten	zijn	1840	1
hebben	moeten	zijn	1846	2
hebben	moeten	zijn	1847	1
hebben	moeten	zijn	1912	1
hebben	moeten	zijn	1935	1
hebben	moeten	zijn	1964	1
hebben	moeten	zijn	1995	1
hebben	moeten	zorgen	1880	1
hebben	moeten	zorgen	1992	1
hebben	mogen	blijven	1979	1
hebben	mogen	bogen	1933	1
hebben	mogen	doen	1963	1
hebben	mogen	functioneren	1984	1
hebben	mogen	getuigen	1956	1
hebben	mogen	nemen	1919	1
hebben	mogen	op_geven	1857	1
hebben	mogen	strekken	1837	1
hebben	mogen	verwachten	1846	1
hebben	mogen	vinden	1860	1
hebben	mogen	vinden	1874	1
hebben	mogen	vinden	1948	1
hebben	mogen	voltooien	1910	1
hebben	mogen	zien	1924	1
hebben	mogen	zien	1971	1
hebben	mogen	zien	1972	1
hebben	pogen	ontnemen	1898	1
hebben	pogen	ontzenuwen	1951	1
hebben	pogen	smoren	1946	1
hebben	proberen	blijven	1999	1
hebben	proberen	doen	1972	1
hebben	proberen	uit_voeren	1988	1
hebben	proberen	verleiden	1964	1
hebben	proberen	verzoenen	1999	1
hebben	staan	aan_zien	1906	1
hebben	staan	staren	1922	1
hebben	staan	trekken	1895	1
hebben	staan	zwaaien	1978	1
hebben	trachten	begrijpen	1935	1
hebben	trachten	benaderen	1934	1
hebben	trachten	beredeneren	1937	1
hebben	trachten	breken	1931	1
hebben	trachten	doven	1875	1
hebben	trachten	houden	1888	1
hebben	trachten	maken	1858	1
hebben	trachten	ontsnappen	1891	1
hebben	trachten	ontwikkelen	1874	1
hebben	trachten	produceren	1954	1
hebben	trachten	remmen	1922	1
hebben	trachten	schrijven	1971	1
hebben	trachten	uiten	1935	1
hebben	trachten	verspreiden	1846	1
hebben	trachten	verstaan	1869	1
hebben	trachten	vinden	1869	1
hebben	trachten	weer_geven	1909	1
hebben	trachten	werken	1874	1
hebben	vergeten	verschijnen	1960	1
hebben	verzuimen	leren	1919	1
hebben	vinden	bedriegen	1935	1
hebben	vinden	behouden	1880	1
hebben	vinden	zitten	1895	1
hebben	wagen	op_roepen	1891	1
hebben	wagen	verheffen	1978	1
hebben	weigeren	in_nemen	1956	1
hebben	weigeren	maken	1959	1
hebben	wensen	hebben	1898	1
hebben	weten	beheersen	1931	1
hebben	weten	beveiligen	1847	1
hebben	weten	bewaren	1903	1
hebben	weten	bewerken	1869	1
hebben	weten	blijven	1909	1
hebben	weten	eigen_maken	1880	1
hebben	weten	geven	1907	1
hebben	weten	gv	1954	1
hebben	weten	handhaven	1954	1
hebben	weten	hoeden	1961	1
hebben	weten	houden	1934	1
hebben	weten	houden	1954	1
hebben	weten	krijgen	1992	1
hebben	weten	leggen	1938	1
hebben	weten	leggen	1964	1
hebben	weten	maken	1936	1
hebben	weten	na_bootsen	1910	1
hebben	weten	onttrekken	1982	1
hebben	weten	verdedigen	1992	1
hebben	weten	verkrijgen	1841	1
hebben	weten	verschaffen	1857	1
hebben	willen	aan_duiden	1982	1
hebben	willen	aan_klagen	1919	1
hebben	willen	aan_tonen	1890	1
hebben	willen	aan_wijzen	1840	1
hebben	willen	af_ronden	1989	1
hebben	willen	af_wijzen	1906	1
hebben	willen	affronteren	1949	1
hebben	willen	beginnen	1994	1
hebben	willen	behouden	1839	1
hebben	willen	belichamen	1946	1
hebben	willen	beweren	1994	1
hebben	willen	bezien	1995	1
hebben	willen	binnen_halen	1972	1
hebben	willen	brengen	1842	1
hebben	willen	brengen	1907	1
hebben	willen	denken	1841	1
hebben	willen	dichten	1957	1
hebben	willen	draaien	1978	1
hebben	willen	dringen	1928	1
hebben	willen	fietsen	1930	1
hebben	willen	formuleren	1994	1
hebben	willen	gaan	1906	1
hebben	willen	getuigen	1958	1
hebben	willen	geven	1903	1
hebben	willen	hebben	1978	1
hebben	willen	horen	1926	1
hebben	willen	houden	1933	1
hebben	willen	houden	1960	1
hebben	willen	houden	1970	1
hebben	willen	kopen	1919	1
hebben	willen	laten	1982	1
hebben	willen	leggen	1912	1
hebben	willen	leggen	1919	1
hebben	willen	leren	1935	1
hebben	willen	maken	1936	1
hebben	willen	mede_delen	1933	1
hebben	willen	meester_maken	1895	1
hebben	willen	missen	1874	1
hebben	willen	omhelzen	1925	1
hebben	willen	omvatten	1890	1
hebben	willen	onttrekken	1959	1
hebben	willen	scheppen	1992	1
hebben	willen	sparen	1847	1
hebben	willen	stellen	1931	1
hebben	willen	stellen	1945	1
hebben	willen	sterven	1926	1
hebben	willen	stoppen	1922	1
hebben	willen	strijden	1928	1
hebben	willen	toe_staan	1841	1
hebben	willen	toe_stemmen	1880	1
hebben	willen	uit_beelden	1938	1
hebben	willen	uit_geven	1995	1
hebben	willen	uit_stellen	1951	1
hebben	willen	vallen	1925	1
hebben	willen	verklaren	1869	1
hebben	willen	wassen	1922	1
hebben	willen	werken	1905	1
hebben	willen	weten	1935	1
hebben	willen	weten	1937	1
hebben	willen	weten	1961	1
hebben	willen	wreken	1964	1
hebben	willen	zeggen	1905	1
hebben	willen	zeggen	1925	1
hebben	willen	zeggen	1935	1
hebben	willen	zeggen	1968	1
hebben	willen	zetten	1982	1
hebben	willen	zien	1945	1
hebben	willen	zien	1972	1
hebben	willen	zijn	1928	1
hebben	willen	zijn	1931	1
hebben	willen	zijn	1963	1
hebben	zien	aan_komen	1902	1
hebben	zien	aan_komen	1978	1
hebben	zien	bevestigen	1843	1
hebben	zien	bidden	1841	1
hebben	zien	binnen_komen	1957	1
hebben	zien	concerteren	1977	1
hebben	zien	doen	1949	1
hebben	zien	drinken	1911	1
hebben	zien	kijken	1842	1
hebben	zien	komen	1964	1
hebben	zien	liggen	1997	1
hebben	zien	maken	1922	1
hebben	zien	maken	1964	1
hebben	zien	op_gaan	1860	1
hebben	zien	op_kijken	1922	1
hebben	zien	op_voeren	1913	1
hebben	zien	op_winden	1925	1
hebben	zien	over_halen	1964	1
hebben	zien	over_komen	1965	1
hebben	zien	roken	1922	1
hebben	zien	slaan	1905	1
hebben	zien	sluiten	1860	1
hebben	zien	sluiten	1880	1
hebben	zien	springen	1949	1
hebben	zien	staan	1919	1
hebben	zien	staan	1978	1
hebben	zien	uit_breken	1926	1
hebben	zien	uit_gaan	1842	1
hebben	zien	varen	1949	1
hebben	zien	veroveren	1919	1
hebben	zien	vertrekken	1911	1
hebben	zitten	af_vragen	1992	1
hebben	zitten	bidden	1930	1
hebben	zitten	gapen	1956	1
hebben	zitten	kaarten	1922	1
hebben	zitten	staren	1905	1
hebben	zitten	wachten	1960	1
hebben	zoeken	onderscheiden	1956	1
hebben	zullen	zien	1902	1
helpen	doen	passen	1985	1
hoeven	trachten	goed_maken	1875	1
hoeven	worden	brengen	1954	1
hoeven	worden	consolideren	1974	1
hoeven	worden	herinneren	1982	1
hoeven	worden	onderhouden	1924	1
hoeven	worden	op_sporen	1994	1
horen	hebben	begrijpen	1964	1
komen	doen	plaats_nemen	1971	1
komen	worden	nemen	1954	1
komen	zijn	verlaten	1898	1
kunnen	beginnen	in_halen	1898	1
kunnen	blijven	duren	1949	1
kunnen	blijven	duren	1953	1
kunnen	blijven	duren	1977	1
kunnen	blijven	gaan	1847	1
kunnen	blijven	genieten	1971	1
kunnen	blijven	maken	1970	1
kunnen	blijven	op_brengen	1953	1
kunnen	blijven	verbazen	1959	1
kunnen	blijven	vol_houden	1991	1
kunnen	blijven	voort_tieren	1875	1
kunnen	doen	begrijpen	1910	2
kunnen	doen	behoren	1874	1
kunnen	doen	beseffen	1979	1
kunnen	doen	betreuren	1869	1
kunnen	doen	buigen	1926	1
kunnen	doen	delen	1922	1
kunnen	doen	denken	1937	1
kunnen	doen	gaan	1978	1
kunnen	doen	gelden	1880	2
kunnen	doen	gelden	1890	1
kunnen	doen	gelden	1919	1
kunnen	doen	gelden	1972	1
kunnen	doen	op_nemen	1960	1
kunnen	doen	op_rukken	1880	1
kunnen	doen	rangschikken	1869	1
kunnen	doen	verbieden	1970	1
kunnen	doen	vermoeden	1869	1
kunnen	gaan	dansen	1895	1
kunnen	gaan	lezen	1991	1
kunnen	gaan	op_scheppen	1963	1
kunnen	gaan	praten	1880	1
kunnen	gaan	wandelen	1922	1
kunnen	gaan	zeggen	1905	1
kunnen	gaan	zien	1925	1
kunnen	gaan	zitten	1926	1
kunnen	hebben	af_doen	1840	1
kunnen	hebben	arbeiden	1940	1
kunnen	hebben	bedoelen	1994	1
kunnen	hebben	bedrijven	1956	1
kunnen	hebben	bestaan	1843	1
kunnen	hebben	bestaan	1988	1
kunnen	hebben	bevorderen	1951	1
kunnen	hebben	bij_dragen	1888	1
kunnen	hebben	bij_dragen	1951	1
kunnen	hebben	geven	1903	1
kunnen	hebben	hebben	1839	1
kunnen	hebben	hebben	1956	1
kunnen	hebben	hebben	1994	1
kunnen	hebben	houden	1951	1
kunnen	hebben	kennen	1961	1
kunnen	hebben	lezen	1943	1
kunnen	hebben	maken	1918	1
kunnen	hebben	ondergaan	1958	1
kunnen	hebben	op_lossen	1895	1
kunnen	hebben	over_hebben	1982	1
kunnen	hebben	tonen	1903	1
kunnen	hebben	zeggen	1918	1
kunnen	hebben	zien	1937	2
kunnen	hebben	zien	1994	1
kunnen	hebben	zitten	1846	1
kunnen	helpen	op_voeren	1946	1
kunnen	helpen	verhuizen	1918	1
kunnen	horen	stamelen	1930	1
kunnen	krijgen	doen	1918	1
kunnen	krijgen	doen	1951	1
kunnen	krijgen	doen	1959	1
kunnen	laten	aan_voelen	1964	1
kunnen	laten	bespieden	1978	1
kunnen	laten	dienen	1949	1
kunnen	laten	gaan	1928	1
kunnen	laten	gaan	1952	1
kunnen	laten	gelden	1951	1
kunnen	laten	geven	1926	1
kunnen	laten	in_schrijven	1982	1
kunnen	laten	kijken	1895	1
kunnen	laten	kijken	1970	1
kunnen	laten	rusten	1937	1
kunnen	laten	schilderen	1935	1
kunnen	laten	studeren	1997	1
kunnen	laten	varen	1860	1
kunnen	laten	varen	1869	1
kunnen	laten	weg_zinken	1980	1
kunnen	laten	wel_gevallen	1957	1
kunnen	laten	weten	1995	1
kunnen	laten	zien	1988	1
kunnen	laten	zwemmen	1951	1
kunnen	leren	begrijpen	1937	1
kunnen	leren	kennen	1891	1
kunnen	moeten	vooruit_komen	1911	1
kunnen	trachten	bepalen	1970	1
kunnen	trachten	maken	1934	1
kunnen	willen	teweeg_brengen	1874	1
kunnen	worden	aan_bieden	1994	1
kunnen	worden	aan_doen	1926	1
kunnen	worden	aan_duiden	1934	1
kunnen	worden	aan_duiden	1994	1
kunnen	worden	aan_gaan	1975	1
kunnen	worden	aan_halen	1895	1
kunnen	worden	aan_kondigen	1841	1
kunnen	worden	aan_merken	1846	1
kunnen	worden	aan_treffen	1979	1
kunnen	worden	aan_vallen	1895	1
kunnen	worden	aan_voeren	1975	1
kunnen	worden	aan_voeren	1979	1
kunnen	worden	aan_voeren	1980	1
kunnen	worden	aan_wenden	1874	1
kunnen	worden	aan_wenden	1890	1
kunnen	worden	aan_wenden	1920	2
kunnen	worden	aan_wenden	1979	1
kunnen	worden	aan_wijzen	1934	1
kunnen	worden	aan_zien	1959	1
kunnen	worden	aanschouwen	1951	1
kunnen	worden	achten	1841	1
kunnen	worden	achten	1905	2
kunnen	worden	achten	1934	1
kunnen	worden	achten	1952	1
kunnen	worden	af_draaien	1971	1
kunnen	worden	af_drukken	1979	1
kunnen	worden	af_leiden	1888	1
kunnen	worden	af_leiden	1905	1
kunnen	worden	af_leiden	1912	1
kunnen	worden	af_leiden	1992	1
kunnen	worden	af_lezen	1902	1
kunnen	worden	af_roepen	1938	1
kunnen	worden	af_splitsen	1975	1
kunnen	worden	af_wijken	1912	1
kunnen	worden	af_zonderen	1888	1
kunnen	worden	beantwoorden	1954	1
kunnen	worden	beantwoorden	1973	1
kunnen	worden	beantwoorden	1985	1
kunnen	worden	beantwoorden	1991	2
kunnen	worden	begrenzen	1975	1
kunnen	worden	begrijpen	1839	1
kunnen	worden	begrijpen	1874	1
kunnen	worden	begrijpen	1970	1
kunnen	worden	behandelen	1936	1
kunnen	worden	behandelen	1982	1
kunnen	worden	bekorten	1874	1
kunnen	worden	bekostigen	1951	1
kunnen	worden	belemmeren	1926	1
kunnen	worden	beletten	1926	1
kunnen	worden	beoefenen	1988	1
kunnen	worden	bepalen	1858	1
kunnen	worden	bepalen	1951	1
kunnen	worden	beproeven	1954	1
kunnen	worden	bereiken	1934	1
kunnen	worden	beschikken	1975	1
kunnen	worden	beschouwen	1880	1
kunnen	worden	beschouwen	1902	3
kunnen	worden	beschouwen	1934	1
kunnen	worden	beschouwen	1946	2
kunnen	worden	beschouwen	1964	1
kunnen	worden	beschouwen	1979	2
kunnen	worden	beschouwen	1985	1
kunnen	worden	beschouwen	1998	1
kunnen	worden	beschrijven	1874	2
kunnen	worden	beslissen	1975	1
kunnen	worden	besteden	1934	1
kunnen	worden	bestempelen	1985	1
kunnen	worden	bestrijden	1869	1
kunnen	worden	bestuderen	1933	1
kunnen	worden	bestuderen	1991	1
kunnen	worden	betwisten	1869	1
kunnen	worden	betwisten	1949	1
kunnen	worden	bevorderen	1934	1
kunnen	worden	bewaren	1903	1
kunnen	worden	bewonderen	1972	1
kunnen	worden	bezoedelen	1874	1
kunnen	worden	brengen	1959	1
kunnen	worden	brengen	1978	1
kunnen	worden	constateren	1970	1
kunnen	worden	constateren	1975	1
kunnen	worden	dekken	1952	1
kunnen	worden	delen	1979	1
kunnen	worden	delen	1999	1
kunnen	worden	denken	1895	1
kunnen	worden	denken	1959	1
kunnen	worden	doen	1888	1
kunnen	worden	doen	1904	1
kunnen	worden	doen	1952	1
kunnen	worden	doen	1988	1
kunnen	worden	dulden	1906	1
kunnen	worden	dwingen	1926	1
kunnen	worden	eisen	1858	1
kunnen	worden	experimenteren	1945	1
kunnen	worden	falsificeren	1979	1
kunnen	worden	financieren	1952	2
kunnen	worden	focaliseren	1985	1
kunnen	worden	gebruiken	1840	1
kunnen	worden	gebruiken	1918	1
kunnen	worden	gebruiken	1922	1
kunnen	worden	gebruiken	1955	1
kunnen	worden	gebruiken	1978	3
kunnen	worden	generaliseren	1994	1
kunnen	worden	genieten	1955	1
kunnen	worden	geven	1975	1
kunnen	worden	goed_keuren	1989	1
kunnen	worden	handhaven	1869	1
kunnen	worden	hanteren	1950	1
kunnen	worden	hechten	1869	1
kunnen	worden	herleiden	1980	1
kunnen	worden	herstellen	1908	1
kunnen	worden	herstellen	1946	1
kunnen	worden	hervinden	1980	1
kunnen	worden	hinderen	1926	1
kunnen	worden	houden	1952	2
kunnen	worden	illustreren	1902	1
kunnen	worden	illustreren	1988	1
kunnen	worden	in_brengen	1995	1
kunnen	worden	in_wisselen	1994	1
kunnen	worden	karakteriseren	1961	2
kunnen	worden	karakteriseren	1965	1
kunnen	worden	kennen	1874	2
kunnen	worden	kennen	1903	1
kunnen	worden	kenschetsen	1959	1
kunnen	worden	leggen	1951	1
kunnen	worden	leggen	1959	1
kunnen	worden	leggen	1981	1
kunnen	worden	lezen	1993	1
kunnen	worden	loochenen	1911	2
kunnen	worden	loochenen	1956	1
kunnen	worden	maken	1874	1
kunnen	worden	maken	1973	1
kunnen	worden	maken	1975	1
kunnen	worden	maken	1981	1
kunnen	worden	maken	1992	1
kunnen	worden	marcheren	1895	1
kunnen	worden	meten	1978	1
kunnen	worden	missen	1880	1
kunnen	worden	missen	1907	1
kunnen	worden	missen	1951	1
kunnen	worden	noemen	1840	1
kunnen	worden	noemen	1874	1
kunnen	worden	noemen	1903	1
kunnen	worden	noemen	1910	1
kunnen	worden	noemen	1951	1
kunnen	worden	noemen	1959	1
kunnen	worden	noemen	1982	1
kunnen	worden	om_zetten	1952	1
kunnen	worden	omhoog_stuwen	1980	1
kunnen	worden	omschrijven	1992	1
kunnen	worden	ondermijnen	1988	1
kunnen	worden	onderscheiden	1961	1
kunnen	worden	onderzoeken	1902	1
kunnen	worden	ontberen	1874	1
kunnen	worden	ontbinden	1951	1
kunnen	worden	ontkennen	1869	1
kunnen	worden	ontlenen	1912	1
kunnen	worden	op_dragen	1959	1
kunnen	worden	op_heffen	1971	1
kunnen	worden	op_lossen	1934	1
kunnen	worden	op_maken	1912	1
kunnen	worden	op_nemen	1937	1
kunnen	worden	op_nemen	1951	1
kunnen	worden	op_richten	1871	1
kunnen	worden	op_roepen	1906	1
kunnen	worden	op_roepen	1945	1
kunnen	worden	op_sturen	1994	1
kunnen	worden	op_vatten	1912	1
kunnen	worden	op_vatten	1961	1
kunnen	worden	op_vatten	1974	1
kunnen	worden	op_vatten	1985	1
kunnen	worden	over_brengen	1916	1
kunnen	worden	over_dragen	1912	2
kunnen	worden	over_laten	1905	1
kunnen	worden	over_laten	1994	1
kunnen	worden	over_lezen	1991	1
kunnen	worden	overschatten	1946	1
kunnen	worden	overschatten	1989	1
kunnen	worden	overschrijden	1961	1
kunnen	worden	overwinnen	1988	1
kunnen	worden	peilen	1972	1
kunnen	worden	plaatsen	1988	1
kunnen	worden	plegen	1895	1
kunnen	worden	realiseren	1994	1
kunnen	worden	regelen	1912	1
kunnen	worden	relativeren	1970	1
kunnen	worden	samen_brengen	1959	1
kunnen	worden	schatten	1931	1
kunnen	worden	schatten	1934	1
kunnen	worden	schatten	1959	1
kunnen	worden	scheiden	1975	1
kunnen	worden	schetsen	1839	1
kunnen	worden	schikken	1860	1
kunnen	worden	schrappen	1912	1
kunnen	worden	schrappen	1997	1
kunnen	worden	schrijven	1918	1
kunnen	worden	schuiven	1995	1
kunnen	worden	signaleren	1950	1
kunnen	worden	spelen	1956	1
kunnen	worden	splitsen	1975	1
kunnen	worden	spreken	1912	1
kunnen	worden	spreken	1934	1
kunnen	worden	spreken	1959	1
kunnen	worden	spreken	1997	1
kunnen	worden	steken	1911	1
kunnen	worden	stelen	1972	1
kunnen	worden	stellen	1847	1
kunnen	worden	stellen	1902	1
kunnen	worden	straffen	1959	1
kunnen	worden	tegen_gaan	1880	1
kunnen	worden	toe_geven	1869	1
kunnen	worden	toe_geven	1912	1
kunnen	worden	toe_juichen	1912	1
kunnen	worden	toe_meten	1956	1
kunnen	worden	toe_passen	1979	1
kunnen	worden	toe_passen	1994	1
kunnen	worden	toe_schrijven	1951	1
kunnen	worden	toe_zenden	1895	1
kunnen	worden	tornen	1980	1
kunnen	worden	troosten	1898	1
kunnen	worden	twijfelen	1970	1
kunnen	worden	twisten	1946	1
kunnen	worden	uit_breiden	1979	1
kunnen	worden	uit_denken	1846	1
kunnen	worden	uit_diepen	1968	1
kunnen	worden	uit_huwelijken	1951	1
kunnen	worden	uit_leggen	1982	1
kunnen	worden	uit_spreken	1880	1
kunnen	worden	uit_spreken	1985	1
kunnen	worden	uiten	1892	1
kunnen	worden	vast_leggen	1945	1
kunnen	worden	vast_stellen	1902	2
kunnen	worden	vast_stellen	1981	1
kunnen	worden	vast_stellen	1997	1
kunnen	worden	veranderen	1904	1
kunnen	worden	verbeteren	1979	1
kunnen	worden	verdedigen	1905	1
kunnen	worden	vereenzelvigen	1959	1
kunnen	worden	vergelijken	1860	1
kunnen	worden	vergelijken	1953	1
kunnen	worden	vergelijken	1954	1
kunnen	worden	vergoeden	1979	1
kunnen	worden	vergulden	1910	1
kunnen	worden	verhalen	1871	1
kunnen	worden	verhinderen	1895	1
kunnen	worden	verhinderen	1926	1
kunnen	worden	verklaren	1841	1
kunnen	worden	verklaren	1903	1
kunnen	worden	verklaren	1951	1
kunnen	worden	verklaren	1973	1
kunnen	worden	verklaren	1975	2
kunnen	worden	verklaren	1979	1
kunnen	worden	verklaren	1982	1
kunnen	worden	verklaren	1994	1
kunnen	worden	verklaren	1995	1
kunnen	worden	verkrijgen	1905	1
kunnen	worden	verkrijgen	1975	1
kunnen	worden	verlangen	1956	1
kunnen	worden	vermelden	1896	1
kunnen	worden	vermelden	1991	1
kunnen	worden	vernietigen	1946	1
kunnen	worden	veroordelen	1934	1
kunnen	worden	verrichten	1902	1
kunnen	worden	vervangen	1924	1
kunnen	worden	vervangen	1928	1
kunnen	worden	vervullen	1869	1
kunnen	worden	vervullen	1951	1
kunnen	worden	verwachten	1869	2
kunnen	worden	verwachten	1912	2
kunnen	worden	verwachten	1985	1
kunnen	worden	verwachten	1988	1
kunnen	worden	verwerken	1975	1
kunnen	worden	verwezenlijken	1959	1
kunnen	worden	verwijten	1994	1
kunnen	worden	verwijzen	1991	1
kunnen	worden	verwisselen	1954	1
kunnen	worden	verzachten	1978	1
kunnen	worden	verzekeren	1903	1
kunnen	worden	vinden	1839	1
kunnen	worden	vinden	1934	1
kunnen	worden	vinden	1951	1
kunnen	worden	voeren	1994	1
kunnen	worden	volbrengen	1985	1
kunnen	worden	voldoen	1912	1
kunnen	worden	volstaan	1912	1
kunnen	worden	voor_stellen	1880	1
kunnen	worden	voorbij_gaan	1975	1
kunnen	worden	voorbij_zien	1869	1
kunnen	worden	voorspellen	1945	1
kunnen	worden	waar_nemen	1896	1
kunnen	worden	waar_nemen	1912	1
kunnen	worden	waarderen	1934	1
kunnen	worden	wagen	1951	1
kunnen	worden	weer_geven	1975	1
kunnen	worden	weerleggen	1982	1
kunnen	worden	wekken	1926	1
kunnen	worden	wijten	1880	1
kunnen	worden	wijzen	1902	1
kunnen	worden	wijzigen	1945	1
kunnen	worden	wijzigen	1958	1
kunnen	worden	winnen	1880	1
kunnen	worden	zeggen	1858	1
kunnen	worden	zeggen	1869	2
kunnen	worden	zeggen	1874	1
kunnen	worden	zeggen	1956	1
kunnen	worden	zeggen	1964	1
kunnen	worden	zeggen	1993	1
kunnen	worden	zien	1951	1
kunnen	worden	zien	1980	1
kunnen	worden	zien	1986	1
kunnen	worden	zien	1992	1
kunnen	worden	zoeken	1871	1
kunnen	zeggen	schrijven	1928	1
kunnen	zien	lijden	1911	1
kunnen	zien	smoren	1910	1
kunnen	zien	vertonen	1912	1
kunnen	zijn	bedoelen	1918	1
kunnen	zijn	bedoelen	1961	1
kunnen	zijn	bedoelen	1994	1
kunnen	zijn	bezielen	1970	1
kunnen	zijn	beÃ¯nvloeden	1937	1
kunnen	zijn	bloot_stellen	1846	1
kunnen	zijn	doen	1922	1
kunnen	zijn	dreumel_toe	1910	1
kunnen	zijn	gebeuren	1840	1
kunnen	zijn	gebeuren	1918	1
kunnen	zijn	gebeuren	1974	1
kunnen	zijn	leren	1978	1
kunnen	zijn	liggen	1933	1
kunnen	zijn	ontgaan	1982	1
kunnen	zijn	ontlenen	1965	1
kunnen	zijn	ontstaan	1979	1
kunnen	zijn	stellen	1934	1
kunnen	zijn	stellen	1958	1
kunnen	zijn	vertrekken	1846	1
kunnen	zijn	wijten	1935	1
kunnen	zijn	worden	1903	1
kunnen	zijn	zijn	1846	1
kunnen	zijn	zijn	1933	1
kunnen	zijn	zijn	1978	1
kunnen	zijn	zijn	1982	1
laten	blijven	spelen	1954	1
laten	mogen	plaatsen	1908	1
laten	mogen	verontschuldigen	1860	1
laten	trachten	uiteen_zetten	1880	1
laten	willen	weg_moffelen	1910	1
laten	worden	geboren	1956	1
laten	zijn	liggen	1964	1
lijken	hebben	in_slikken	1919	1
lijken	moeten	zijn	1905	1
lijken	zijn	belanden	1991	1
lijken	zijn	schrijven	1985	1
lijken	zijn	verbeteren	1951	1
lijken	zijn	vergeten	1999	1
lijken	zijn	weg_lopen	1982	1
lijken	zullen	veranderen	1982	1
lopen	worden	af_leiden	1890	1
lopen	worden	verslijten	1956	1
menen	hebben	aan_stippen	1874	1
menen	hebben	af_doen	1874	1
menen	hebben	begraven	1869	1
menen	hebben	behalen	1875	1
menen	hebben	leren	1960	1
menen	hebben	ontdekken	1890	1
menen	hebben	overwinnen	1895	1
menen	hebben	treffen	1957	1
menen	hebben	vergissen	1964	1
menen	hebben	verrichten	1875	1
menen	hebben	vinden	1875	1
menen	hebben	vinden	1907	1
menen	hebben	vinden	1910	1
menen	hebben	vinden	1958	1
menen	hebben	voorkomen	1954	1
menen	hebben	waar_nemen	1985	1
menen	hebben	weer_vinden	1857	1
menen	hebben	zien	1902	1
menen	kunnen	beloeren	1922	1
menen	kunnen	besteden	1907	1
menen	kunnen	laten	1895	1
menen	kunnen	slingeren	1922	1
menen	kunnen	twijfelen	1918	1
menen	kunnen	verdienen	1858	1
menen	kunnen	verenigen	1948	1
menen	kunnen	verzekeren	1880	1
menen	moeten	beoordelen	1840	1
menen	moeten	geven	1909	1
menen	moeten	goed_maken	1910	1
menen	moeten	herhalen	1842	1
menen	moeten	houden	1842	1
menen	moeten	onthalen	1907	1
menen	moeten	op_maken	1902	1
menen	moeten	stellen	1943	1
menen	moeten	streven	1911	1
menen	moeten	verliezen	1978	1
menen	moeten	voegen	1860	1
menen	moeten	vrijwaren	1971	1
menen	moeten	weigeren	1841	1
menen	moeten	zwijgen	1948	1
menen	mogen	aan_matigen	1959	1
menen	mogen	af_leiden	1902	1
menen	mogen	nemen	1909	1
menen	mogen	nemen	1910	1
menen	mogen	omschrijven	1973	1
menen	mogen	vast_stellen	1917	1
menen	mogen	wagen	1917	1
menen	mogen	zeggen	1917	1
menen	mogen	zien	1924	1
menen	zijn	bestelen	1922	1
menen	zullen	verkrijgen	1874	1
moeten	blijven	beperken	1871	1
moeten	blijven	gaan	1991	1
moeten	blijven	kennen	1956	1
moeten	blijven	voelen	1916	1
moeten	blijven	volgen	1982	1
moeten	blijven	werken	1963	1
moeten	doen	blijken	1858	1
moeten	doen	leven	1960	1
moeten	doen	stralen	1908	1
moeten	doen	strekken	1890	1
moeten	doen	vallen	1880	2
moeten	doen	wedervaren	1946	1
moeten	durven	tegemoet_gaan	1957	1
moeten	durven	vertrouwen	1871	1
moeten	durven	zeggen	1910	1
moeten	gaan	aan_hangen	1940	1
moeten	gaan	analyseren	1991	1
moeten	gaan	beduiden	1977	1
moeten	gaan	drinken	1971	1
moeten	gaan	herlezen	1995	1
moeten	gaan	leveren	1964	1
moeten	gaan	poseren	1918	1
moeten	gaan	staan	1951	1
moeten	gaan	uit_schreeuwen	1903	1
moeten	gaan	verkleden	1918	1
moeten	gaan	zien	1890	1
moeten	geven	eten	1922	1
moeten	hebben	aan_leggen	1964	1
moeten	hebben	aan_trekken	1959	1
moeten	hebben	begrijpen	1895	1
moeten	hebben	bekomen	1857	1
moeten	hebben	belazeren	1964	1
moeten	hebben	bereiken	1846	1
moeten	hebben	beseffen	1922	1
moeten	hebben	bestaan	1994	1
moeten	hebben	betekenen	1959	1
moeten	hebben	bezig_houden	1957	1
moeten	hebben	bezitten	1937	1
moeten	hebben	brengen	1940	1
moeten	hebben	denken	1994	1
moeten	hebben	dineren	1840	1
moeten	hebben	geven	1945	1
moeten	hebben	gevoelen	1919	1
moeten	hebben	hebben	1925	1
moeten	hebben	hebben	1957	1
moeten	hebben	hebben	1994	1
moeten	hebben	kennen	1974	1
moeten	hebben	kosten	1841	1
moeten	hebben	krenken	1951	1
moeten	hebben	liggen	1943	1
moeten	hebben	liggen	1971	1
moeten	hebben	maken	1875	1
moeten	hebben	maken	1924	1
moeten	hebben	mede_werken	1888	1
moeten	hebben	mee_maken	1954	1
moeten	hebben	misleiden	1895	1
moeten	hebben	na_denken	1919	1
moeten	hebben	onderscheiden	1890	1
moeten	hebben	onttrekken	1951	1
moeten	hebben	op_leggen	1978	1
moeten	hebben	plaats_hebben	1994	1
moeten	hebben	schelden	1978	1
moeten	hebben	spijten	1995	1
moeten	hebben	staan	1907	1
moeten	hebben	uit_zien	1980	1
moeten	hebben	verkrijgen	1843	1
moeten	hebben	vinden	1917	1
moeten	hebben	voelen	1908	1
moeten	hebben	voelen	1955	1
moeten	hebben	voelen	1960	1
moeten	hebben	werken	1951	1
moeten	hebben	wonden	1964	1
moeten	hebben	wonen	1953	1
moeten	hebben	zeggen	1880	1
moeten	hebben	zitten	1978	1
moeten	helpen	houden	1880	1
moeten	helpen	verdedigen	1869	1
moeten	komen	belemmeren	1880	1
moeten	komen	doen	1949	2
moeten	komen	verklaren	1904	1
moeten	komen	voor_lezen	1960	1
moeten	kunnen	buurten	1911	1
moeten	kunnen	lezen	1936	1
moeten	kunnen	roepen	1846	1
moeten	kunnen	schrijven	1997	1
moeten	kunnen	stellen	1957	1
moeten	kunnen	uit_slaan	1860	1
moeten	kunnen	vermoeden	1860	1
moeten	kunnen	volbrengen	1945	1
moeten	kunnen	voort_leven	1894	1
moeten	laten	bekoren	1963	1
moeten	laten	horen	1978	1
moeten	laten	lezen	1960	1
moeten	laten	liggen	1934	1
moeten	laten	vallen	1890	1
moeten	laten	vernederen	1935	1
moeten	leren	herkennen	1890	1
moeten	leren	kennen	1922	1
moeten	leren	kennen	1970	1
moeten	liggen	wachten	1950	1
moeten	maken	realiseren	1989	1
moeten	mogen	bestaan	1922	1
moeten	pogen	voor_stellen	1892	1
moeten	proberen	begrijpen	1988	1
moeten	proberen	maken	1964	1
moeten	proberen	zijn	1999	1
moeten	staan	schrijven	1971	1
moeten	staan	uit_zetten	1919	1
moeten	trachten	bepalen	1933	1
moeten	trachten	geven	1937	1
moeten	trachten	op_trekken	1953	1
moeten	wagen	beoordelen	1948	1
moeten	weten	eten	1971	1
moeten	weten	in_tomen	1880	1
moeten	weten	suggereren	1956	1
moeten	willen	bezitten	1926	1
moeten	willen	hebben	1949	1
moeten	worden	aan_doen	1874	1
moeten	worden	aan_duiden	1920	1
moeten	worden	aan_grijpen	1888	1
moeten	worden	aan_klagen	1956	1
moeten	worden	aan_merken	1912	1
moeten	worden	aan_moedigen	1911	1
moeten	worden	aan_nemen	1985	1
moeten	worden	aan_prijzen	1858	1
moeten	worden	aan_tekenen	1972	1
moeten	worden	aan_tonen	1965	1
moeten	worden	aan_trekken	1972	1
moeten	worden	aan_vullen	1979	2
moeten	worden	aanschouwen	1951	1
moeten	worden	aanvaarden	1902	1
moeten	worden	af_leiden	1975	1
moeten	worden	af_wennen	1841	1
moeten	worden	af_zetten	1925	1
moeten	worden	af_zetten	1991	1
moeten	worden	antwoorden	1989	1
moeten	worden	baseren	1912	1
moeten	worden	begraven	1926	1
moeten	worden	begrijpen	1952	1
moeten	worden	begrijpen	1958	1
moeten	worden	behandelen	1891	1
moeten	worden	behandelen	1934	1
moeten	worden	behandelen	1946	1
moeten	worden	behandelen	1979	1
moeten	worden	behandelen	1980	1
moeten	worden	beklemtonen	1988	1
moeten	worden	beoefenen	1964	1
moeten	worden	bepalen	1988	1
moeten	worden	beproeven	1909	1
moeten	worden	bereiken	1906	1
moeten	worden	beschouwen	1912	2
moeten	worden	beschouwen	1991	1
moeten	worden	beschouwen	1995	1
moeten	worden	beseffen	1952	1
moeten	worden	beslissen	1869	1
moeten	worden	bespreken	1988	1
moeten	worden	betrachten	1975	1
moeten	worden	bevredigen	1846	1
moeten	worden	bewijzen	1970	2
moeten	worden	blokkeren	1979	1
moeten	worden	boeten	1943	1
moeten	worden	brengen	1937	1
moeten	worden	brengen	1975	1
moeten	worden	brengen	1981	1
moeten	worden	brengen	1988	1
moeten	worden	brengen	1991	1
moeten	worden	constateren	1905	1
moeten	worden	definiÃ«ren	1975	2
moeten	worden	denken	1903	1
moeten	worden	doen	1938	1
moeten	worden	doen	1959	1
moeten	worden	doen	1979	3
moeten	worden	door_snijden	1963	1
moeten	worden	door_worstelen	1841	1
moeten	worden	door_zetten	1991	1
moeten	worden	dragen	1979	1
moeten	worden	drukken	1912	1
moeten	worden	erkennen	1869	1
moeten	worden	erkennen	1880	2
moeten	worden	erkennen	1891	1
moeten	worden	erkennen	1905	1
moeten	worden	erkennen	1965	1
moeten	worden	gaar_bijeen	1909	1
moeten	worden	geboren	1926	1
moeten	worden	gebruiken	1994	1
moeten	worden	geven	1869	1
moeten	worden	geven	1994	1
moeten	worden	halen	1860	1
moeten	worden	halen	1999	1
moeten	worden	handhaven	1992	1
moeten	worden	her_in_voeren	1904	1
moeten	worden	herleiden	1947	1
moeten	worden	herstellen	1858	1
moeten	worden	herstellen	1904	1
moeten	worden	herstellen	1991	1
moeten	worden	herzien	1955	1
moeten	worden	herzien	1959	1
moeten	worden	houden	1875	2
moeten	worden	houden	1912	1
moeten	worden	in_nemen	1945	1
moeten	worden	kennen	1895	1
moeten	worden	laten	1956	1
moeten	worden	lezen	1888	1
moeten	worden	lezen	1934	2
moeten	worden	los_scheuren	1951	1
moeten	worden	maken	1905	1
moeten	worden	maken	1930	1
moeten	worden	maken	1934	2
moeten	worden	maken	1974	1
moeten	worden	maken	1985	1
moeten	worden	mede_delen	1975	1
moeten	worden	meten	1979	1
moeten	worden	motiveren	1975	1
moeten	worden	nemen	1979	1
moeten	worden	noemen	1888	1
moeten	worden	noemen	1902	1
moeten	worden	noemen	1917	1
moeten	worden	noemen	1931	1
moeten	worden	noemen	1940	1
moeten	worden	om_springen	1880	1
moeten	worden	om_zien	1888	1
moeten	worden	onder_houden	1875	1
moeten	worden	onder_verdelen	1959	1
moeten	worden	onderhouden	1874	1
moeten	worden	onderstrepen	1989	1
moeten	worden	onderzoeken	1959	1
moeten	worden	onthoofden	1926	1
moeten	worden	ontleden	1975	1
moeten	worden	op_dragen	1869	1
moeten	worden	op_dragen	1905	1
moeten	worden	op_heffen	1934	1
moeten	worden	op_leggen	1978	1
moeten	worden	op_leiden	1904	1
moeten	worden	op_merken	1975	1
moeten	worden	op_offeren	1972	1
moeten	worden	op_stellen	1924	1
moeten	worden	op_vatten	1947	1
moeten	worden	op_voeden	1891	1
moeten	worden	openen	1840	1
moeten	worden	over_dragen	1946	1
moeten	worden	over_gaan	1959	1
moeten	worden	over_laden	1902	1
moeten	worden	over_zetten	1954	1
moeten	worden	overwinnen	1934	1
moeten	worden	plaatsen	1988	1
moeten	worden	prijzen	1911	1
moeten	worden	redden	1999	1
moeten	worden	rekenen	1922	1
moeten	worden	rekenen	1954	1
moeten	worden	rekenen	1961	1
moeten	worden	rekenen	1972	1
moeten	worden	relativeren	1961	1
moeten	worden	roepen	1979	1
moeten	worden	schadeloos_stellen	1979	1
moeten	worden	schrappen	1895	1
moeten	worden	schrijven	1970	1
moeten	worden	schrijven	1971	1
moeten	worden	schrijven	1977	1
moeten	worden	schrijven	1995	1
moeten	worden	situeren	1985	1
moeten	worden	sorteren	1926	1
moeten	worden	spelen	1910	1
moeten	worden	spoelen	1978	1
moeten	worden	spreken	1880	1
moeten	worden	spreken	1976	1
moeten	worden	staken	1948	1
moeten	worden	staven	1874	1
moeten	worden	stellen	1912	1
moeten	worden	stellen	1934	1
moeten	worden	stellen	1989	1
moeten	worden	straffen	1903	1
moeten	worden	tegen_gaan	1880	1
moeten	worden	tegen_gaan	1936	1
moeten	worden	terug_schenken	1956	1
moeten	worden	terug_schuiven	1902	1
moeten	worden	toe_geven	1912	1
moeten	worden	toe_kennen	1888	1
moeten	worden	toe_kennen	1905	1
moeten	worden	toe_kennen	1979	1
moeten	worden	toe_laten	1934	1
moeten	worden	toe_passen	1904	1
moeten	worden	toe_schrijven	1894	1
moeten	worden	toe_schrijven	1895	1
moeten	worden	toe_schrijven	1935	1
moeten	worden	toe_schrijven	1953	1
moeten	worden	toe_voegen	1934	1
moeten	worden	toe_voegen	1953	1
moeten	worden	toe_voegen	1979	1
moeten	worden	tonen	1880	1
moeten	worden	transfigureren	1952	1
moeten	worden	transformeren	1975	1
moeten	worden	tuch	1931	1
moeten	worden	uit_breiden	1937	1
moeten	worden	uit_leggen	1972	1
moeten	worden	uit_nodigen	1860	1
moeten	worden	uit_sluiten	1871	1
moeten	worden	uit_voeren	1979	1
moeten	worden	verenigen	1924	1
moeten	worden	verhelpen	1959	1
moeten	worden	verklaren	1959	1
moeten	worden	verklaren	1960	1
moeten	worden	verklaren	1973	1
moeten	worden	verklaren	1975	1
moeten	worden	verklaren	1994	1
moeten	worden	verkopen	1911	1
moeten	worden	verlenen	1871	1
moeten	worden	verlenen	1985	1
moeten	worden	vermijden	1875	1
moeten	worden	vernietigen	1959	1
moeten	worden	veroordelen	1905	2
moeten	worden	verstaan	1954	1
moeten	worden	vertalen	1874	1
moeten	worden	vertienvoudig	1997	1
moeten	worden	vervangen	1988	1
moeten	worden	vervullen	1934	1
moeten	worden	verwerkelijken	1910	1
moeten	worden	verwijten	1936	1
moeten	worden	verzekeren	1880	1
moeten	worden	verzoenen	1925	1
moeten	worden	vestigen	1880	1
moeten	worden	vinden	1839	1
moeten	worden	vinden	1956	1
moeten	worden	volgen	1874	1
moeten	worden	volgen	1912	1
moeten	worden	volgen	1934	1
moeten	worden	volgen	1939	1
moeten	worden	voor_dragen	1971	1
moeten	worden	voorkomen	1880	1
moeten	worden	voorzien	1919	1
moeten	worden	vragen	1860	1
moeten	worden	vrij_laten	1971	1
moeten	worden	vrijwaren	1951	1
moeten	worden	waken	1880	1
moeten	worden	wassen	1918	1
moeten	worden	weg_bergen	1905	1
moeten	worden	weg_halen	1957	1
moeten	worden	weg_laten	1965	1
moeten	worden	weg_vegen	1978	1
moeten	worden	wekken	1874	1
moeten	worden	weren	1875	1
moeten	worden	werken	1957	1
moeten	worden	werpen	1875	1
moeten	worden	wijzigen	1960	1
moeten	worden	zeggen	1911	1
moeten	worden	zeggen	1912	1
moeten	worden	zeggen	1957	1
moeten	worden	zeggen	1988	1
moeten	worden	zeggen	1994	1
moeten	worden	zenden	1924	1
moeten	worden	zetten	1902	1
moeten	worden	zien	1934	1
moeten	worden	zien	1979	1
moeten	worden	zien	1988	1
moeten	worden	zoeken	1871	1
moeten	worden	zoeken	1874	1
moeten	worden	zoeken	1902	1
moeten	worden	zoeken	1911	1
moeten	worden	zoeken	1926	1
moeten	worden	zoeken	1945	1
moeten	worden	zoeken	1958	1
moeten	worden	zoeken	1964	1
moeten	worden	zorgen	1880	1
moeten	zien	doorgronden	1979	1
moeten	zien	duiden	1997	1
moeten	zien	komen	1880	1
moeten	zien	komen	1943	1
moeten	zien	kwijt_raken	1918	1
moeten	zien	leggen	1909	1
moeten	zien	op_voeren	1956	1
moeten	zien	sterven	1847	1
moeten	zien	storten	1943	1
moeten	zijn	bedelen	1924	1
moeten	zijn	bedenken	1994	1
moeten	zijn	beladen	1903	1
moeten	zijn	doen	1922	1
moeten	zijn	eindigen	1904	1
moeten	zijn	gebeuren	1919	1
moeten	zijn	gebeuren	1961	1
moeten	zijn	geboren	1982	1
moeten	zijn	groeien	1922	1
moeten	zijn	heen_woelen	1841	1
moeten	zijn	in_lichten	1968	1
moeten	zijn	in_richten	1839	1
moeten	zijn	in_vallen	1922	1
moeten	zijn	interesseren	1991	1
moeten	zijn	liggen	1869	1
moeten	zijn	om_gaan	1875	1
moeten	zijn	over_slaan	1925	1
moeten	zijn	plaatsen	1842	1
moeten	zijn	richten	1939	1
moeten	zijn	richten	1951	1
moeten	zijn	schrijven	1995	1
moeten	zijn	sterven	1924	1
moeten	zijn	terug_vinden	1979	1
moeten	zijn	uit_sluiten	1946	1
moeten	zijn	veranderen	1945	1
moeten	zijn	verbinden	1843	1
moeten	zijn	vergaan	1896	1
moeten	zijn	vertrekken	1982	1
moeten	zijn	vervaardigen	1994	1
moeten	zijn	vluchten	1965	1
moeten	zijn	voor_komen	1926	1
moeten	zijn	worden	1890	1
moeten	zijn	zijn	1837	1
moeten	zijn	zijn	1840	1
moeten	zijn	zijn	1875	1
moeten	zijn	zijn	1891	3
moeten	zijn	zijn	1902	2
moeten	zijn	zijn	1926	1
moeten	zijn	zijn	1936	1
moeten	zijn	zijn	1940	1
moeten	zijn	zijn	1951	2
moeten	zijn	zijn	1954	2
moeten	zijn	zijn	1959	1
moeten	zijn	zijn	1961	1
moeten	zijn	zijn	1982	2
moeten	zijn	zijn	1999	1
mogen	blijven	vast_houden	1910	1
mogen	doen	gelden	1874	1
mogen	doen	gelden	1918	1
mogen	doen	loeien	1910	1
mogen	doen	overschrijden	1875	1
mogen	durven	vertonen	1896	1
mogen	hebben	ergeren	1847	1
mogen	hebben	geven	1951	1
mogen	hebben	krijgen	1912	1
mogen	hebben	maken	1970	1
mogen	hebben	op_leveren	1952	1
mogen	hebben	op_leveren	1957	1
mogen	hebben	op_ruimen	1937	1
mogen	hebben	stellen	1857	1
mogen	hebben	veroveren	1995	1
mogen	hebben	waar_nemen	1857	1
mogen	hebben	zeggen	1840	1
mogen	hebben	zeggen	1957	1
mogen	hopen	geraken	1904	1
mogen	horen	voor_dragen	1904	1
mogen	komen	praten	1930	1
mogen	komen	vallen	1880	1
mogen	kunnen	zeggen	1910	1
mogen	laten	dood_gaan	1991	1
mogen	leren	lachen	1956	1
mogen	staan	aan_schrijven	1875	1
mogen	trachten	verstoren	1924	1
mogen	willen	vernemen	1890	1
mogen	willen	verzetten	1895	1
mogen	worden	aan_nemen	1907	1
mogen	worden	aan_nemen	1975	2
mogen	worden	aan_rekenen	1937	1
mogen	worden	aan_vallen	1896	1
mogen	worden	aan_voeren	1869	1
mogen	worden	aan_zien	1939	1
mogen	worden	aanzien	1939	1
mogen	worden	beschouwen	1945	1
mogen	worden	beschouwen	1951	1
mogen	worden	beschouwen	1959	1
mogen	worden	betwijfelen	1880	1
mogen	worden	boeien	1963	1
mogen	worden	brengen	1903	1
mogen	worden	dwingen	1920	1
mogen	worden	gebruiken	1994	1
mogen	worden	houden	1905	1
mogen	worden	lezen	1994	1
mogen	worden	maken	1945	1
mogen	worden	meten	1973	1
mogen	worden	misbruiken	1934	1
mogen	worden	noemen	1846	1
mogen	worden	noemen	1858	1
mogen	worden	noemen	1871	1
mogen	worden	noemen	1907	1
mogen	worden	noemen	1911	2
mogen	worden	noemen	1937	1
mogen	worden	noemen	1961	1
mogen	worden	nuanceren	1973	1
mogen	worden	onderstellen	1905	1
mogen	worden	ontlenen	1902	1
mogen	worden	op_leggen	1890	1
mogen	worden	op_maken	1964	1
mogen	worden	op_vatten	1909	1
mogen	worden	over_nemen	1874	1
mogen	worden	pakken	1963	1
mogen	worden	rekenen	1843	1
mogen	worden	rekenen	1902	2
mogen	worden	schrijven	1909	1
mogen	worden	spelen	1875	1
mogen	worden	spreken	1905	1
mogen	worden	spreken	1951	1
mogen	worden	stellen	1902	1
mogen	worden	stellen	1912	1
mogen	worden	stellen	1924	1
mogen	worden	syllabificeren	1979	1
mogen	worden	toe_laten	1904	2
mogen	worden	toe_lichten	1918	1
mogen	worden	toe_schrijven	1903	1
mogen	worden	trekken	1961	1
mogen	worden	uit_wissen	1857	1
mogen	worden	vergelijken	1937	1
mogen	worden	vergelijken	1973	1
mogen	worden	vergeten	1908	1
mogen	worden	vergeten	1911	1
mogen	worden	vergeten	1913	1
mogen	worden	vergeten	1995	1
mogen	worden	verklaren	1959	1
mogen	worden	verkopen	1972	1
mogen	worden	verlangen	1905	1
mogen	worden	verliezen	1925	1
mogen	worden	vermelden	1934	1
mogen	worden	vermelden	1946	1
mogen	worden	verwachten	1978	1
mogen	worden	verwisselen	1918	1
mogen	worden	voldoen	1905	1
mogen	worden	voorop_stellen	1860	1
mogen	worden	vorderen	1871	1
mogen	worden	waarderen	1912	1
mogen	worden	zondigen	1912	1
mogen	zien	beschouwen	1955	1
mogen	zijn	achterhalen	1992	1
mogen	zijn	berekenen	1869	1
mogen	zijn	bestemmen	1869	1
mogen	zijn	bestemmen	1992	1
mogen	zijn	blijken	1912	1
mogen	zijn	horen	1910	1
mogen	zijn	misleiden	1910	1
mogen	zijn	overschaduwen	1857	1
mogen	zijn	schrijven	1892	1
mogen	zijn	uit_spreken	1919	1
mogen	zijn	worden	1891	1
mogen	zijn	zijn	1843	1
mogen	zijn	zijn	1888	1
mogen	zijn	zijn	1951	1
plegen	worden	bekijken	1936	1
schijnen	gaan	speculeren	1905	1
schijnen	hebben	begrijpen	1842	1
schijnen	hebben	gebruiken	1902	1
schijnen	hebben	hebben	1982	1
schijnen	hebben	kwellen	1972	1
schijnen	hebben	maken	1982	1
schijnen	hebben	nemen	1896	1
schijnen	hebben	ondergaan	1902	1
schijnen	hebben	oordelen	1902	1
schijnen	hebben	op_leveren	1937	1
schijnen	hebben	op_merken	1979	1
schijnen	hebben	overwinnen	1841	1
schijnen	hebben	schokken	1972	1
schijnen	hebben	verenigen	1875	1
schijnen	hebben	vergeten	1841	1
schijnen	hebben	verkrijgen	1857	1
schijnen	hebben	verleren	1895	1
schijnen	hebben	vinden	1847	1
schijnen	hebben	voelen	1871	1
schijnen	hebben	vormen	1953	1
schijnen	hebben	wachten	1895	1
schijnen	hebben	werken	1895	1
schijnen	komen	aan_dragen	1934	1
schijnen	kunnen	beschikken	1905	1
schijnen	kunnen	bogen	1954	1
schijnen	kunnen	geschieden	1860	1
schijnen	kunnen	strekken	1888	1
schijnen	kunnen	worden	1846	1
schijnen	laten	nemen	1958	1
schijnen	moeten	denken	1842	1
schijnen	moeten	dienen	1842	1
schijnen	moeten	uit_maken	1939	1
schijnen	mogen	verheugen	1858	1
schijnen	willen	effenen	1869	1
schijnen	willen	vast_zetten	1880	1
schijnen	willen	verdedigen	1895	1
schijnen	willen	veroordelen	1847	1
schijnen	worden	achten	1935	1
schijnen	worden	overspoelen	1937	1
schijnen	zijn	achten	1916	1
schijnen	zijn	blijven	1933	1
schijnen	zijn	komen	1847	1
schijnen	zijn	komen	1896	1
schijnen	zijn	komen	1909	1
schijnen	zijn	komen	1959	1
schijnen	zijn	komen	1982	1
schijnen	zijn	op_komen	1880	1
schijnen	zijn	structureren	1985	1
schijnen	zijn	terug_wijken	1964	1
schijnen	zijn	voor_gaan	1913	1
schijnen	zijn	vormen	1902	1
schijnen	zijn	worden	1888	1
schijnen	zijn	worden	1895	1
schijnen	zijn	zijn	1857	1
schijnen	zijn	zijn	1874	1
schijnen	zijn	zijn	1895	1
schijnen	zijn	zijn	1951	1
schijnen	zullen	blijven	1931	1
schijnen	zullen	slaan	1841	1
staan	gaan	studeren	1946	1
staan	kunnen	zeggen	1972	1
trachten	doen	vinden	1869	1
vergeten	doen	af_leggen	1924	1
verlangen	mogen	horen	1985	1
vermogen	doen	op_staan	1837	1
vrezen	kunnen	vol_houden	1858	1
wensen	horen	verkondigen	1920	1
wensen	kunnen	geven	1842	1
wensen	kunnen	melden	1895	1
wensen	kunnen	prijzen	1839	1
wensen	worden	beduvelen	1940	1
wensen	zien	behandelen	1953	1
weten	doen	leven	1918	1
weten	doen	ontstaan	1874	1
weten	doen	samen_werken	1880	1
weten	doen	voeren	1839	1
weten	hebben	doen	1905	1
weten	krijgen	doen	1896	1
weten	kunnen	veroorloven	1999	1
willen	blijven	beschouwen	1912	1
willen	blijven	geven	1910	1
willen	blijven	treuren	1906	1
willen	blijven	vast_houden	1940	1
willen	blijven	vol_houden	1926	1
willen	doen	aan_voelen	1934	1
willen	doen	begrijpen	1988	1
willen	doen	bijeen_komen	1869	1
willen	doen	door_gaan	1874	1
willen	doen	door_gaan	1946	1
willen	doen	gelden	1869	1
willen	doen	gelden	1898	1
willen	doen	huwen	1909	1
willen	doen	kennen	1911	1
willen	doen	leven	1920	1
willen	doen	treden	1874	1
willen	doen	vast_houden	1982	1
willen	doen	voor_komen	1982	1
willen	gaan	op_zoeken	1964	1
willen	gaan	rond_wandelen	1926	1
willen	gaan	studeren	1982	1
willen	gaan	verkopen	1953	1
willen	gaan	zeggen	1925	1
willen	gaan	zingen	1988	1
willen	gaan	zitten	1919	1
willen	geven	kennen	1940	1
willen	hebben	lenen	1905	2
willen	hebben	maken	1906	1
willen	hebben	onderzoeken	1945	1
willen	komen	door_brengen	1957	1
willen	komen	zitten	1918	1
willen	kunnen	concurreren	1979	1
willen	laten	aan_komen	1895	1
willen	laten	beseffen	1874	1
willen	laten	delen	1910	1
willen	laten	gaan	1997	1
willen	laten	gebeuren	1991	1
willen	laten	gelden	1926	1
willen	laten	gevoelen	1892	1
willen	laten	op_ruimen	1992	1
willen	laten	slepen	1916	1
willen	laten	spreken	1926	1
willen	laten	verstoren	1925	1
willen	laten	zien	1925	1
willen	laten	zien	1963	1
willen	laten	zien	1994	1
willen	leren	bewonderen	1892	1
willen	leren	kennen	1890	1
willen	leren	spreken	1935	1
willen	lopen	komen	1925	1
willen	trachten	demonstreren	1975	1
willen	trachten	doen	1891	1
willen	trachten	op_diepen	1940	1
willen	trachten	samen_vatten	1968	1
willen	trachten	voor_stellen	1964	1
willen	worden	begraven	1898	1
willen	worden	in_lichten	1964	1
willen	worden	ondervragen	1960	1
willen	worden	oordelen	1846	1
willen	worden	stellen	1965	1
willen	worden	volgen	1895	1
willen	zien	komen	1842	1
willen	zien	leven	1926	1
willen	zijn	beminnen	1860	1
willen	zijn	beschermen	1912	1
willen	zijn	schudden	1952	1
willen	zijn	zeggen	1964	1
worden	besluiten	nemen	1959	1
worden	besluiten	ondernemen	1896	1
worden	besluiten	voor_dragen	1869	1
worden	eisen	aan_passen	1972	1
worden	geven	kennen	1880	1
worden	geven	kennen	1896	1
worden	geven	verstaan	1979	1
worden	leren	beschouwen	1894	1
worden	leren	verfraaien	1911	1
worden	trachten	sluiten	1905	1
zeggen	doen	zien	1896	1
zeggen	willen	hopen	1895	1
zeggen	zijn	verblijden	1941	1
zien	blijven	staan	1904	1
zien	geven	kennen	1842	1
zien	staan	dekken	1925	1
zien	staan	schreien	1977	1
zien	worden	geboren	1929	1
zien	worden	ontbinden	1934	1
zijn	beginnen	krijsen	1978	1
zijn	beginnen	oefenen	1926	1
zijn	beginnen	op_diepen	1895	1
zijn	beginnen	scheiden	1895	1
zijn	beginnen	slaan	1978	1
zijn	beginnen	twijfelen	1842	1
zijn	blijven	bestaan	1890	1
zijn	blijven	bestaan	1951	1
zijn	blijven	bewaren	1875	1
zijn	blijven	denken	1925	1
zijn	blijven	eren	1940	1
zijn	blijven	kennen	1982	1
zijn	blijven	leven	1926	1
zijn	blijven	liggen	1922	1
zijn	blijven	liggen	1960	1
zijn	blijven	lopen	1949	1
zijn	blijven	noemen	1907	1
zijn	blijven	peinzen	1925	1
zijn	blijven	staan	1961	1
zijn	blijven	voldoen	1909	1
zijn	blijven	volgen	1961	1
zijn	blijven	voort_leven	1965	1
zijn	blijven	zitten	1978	1
zijn	gaan	af_vragen	1999	1
zijn	gaan	behoren	1958	1
zijn	gaan	bekijken	1894	1
zijn	gaan	bepalen	1890	1
zijn	gaan	beschouwen	1952	1
zijn	gaan	beschouwen	1972	1
zijn	gaan	bezien	1922	1
zijn	gaan	bezigen	1919	1
zijn	gaan	dragen	1936	1
zijn	gaan	drinken	1971	1
zijn	gaan	kijken	1918	1
zijn	gaan	kleden	1918	1
zijn	gaan	liggen	1935	1
zijn	gaan	malen	1908	1
zijn	gaan	mede_delen	1898	1
zijn	gaan	op_bloeien	1936	1
zijn	gaan	plaats_maken	1934	1
zijn	gaan	putten	1890	1
zijn	gaan	schrijven	1903	1
zijn	gaan	schrijven	1935	1
zijn	gaan	spelen	1910	1
zijn	gaan	sterven	1925	1
zijn	gaan	toe_leggen	1945	1
zijn	gaan	uit_maken	1979	1
zijn	gaan	uit_zien	1982	1
zijn	gaan	varen	1922	1
zijn	gaan	verdelen	1958	1
zijn	gaan	vermijden	1919	1
zijn	gaan	voltrekken	1984	1
zijn	gaan	vormen	1951	1
zijn	gaan	worden	1905	1
zijn	gaan	zien	1918	1
zijn	gaan	zitten	1925	1
zijn	gaan	zitten	1935	1
zijn	gaan	zitten	1938	1
zijn	gaan	zitten	1975	1
zijn	gaan	zoeken	1890	1
zijn	komen	aan_lopen	1918	1
zijn	komen	aan_lopen	1925	1
zijn	komen	aan_zetten	1894	1
zijn	komen	brengen	1939	1
zijn	komen	houden	1898	1
zijn	komen	lezen	1930	1
zijn	komen	op_zoeken	1978	1
zijn	komen	opjakkeren	1930	1
zijn	komen	sporen	1922	1
zijn	komen	staan	1880	1
zijn	komen	staan	1922	1
zijn	komen	stappen	1978	1
zijn	komen	vallen	1894	1
zijn	komen	versterken	1955	1
zijn	komen	vertellen	1922	1
zijn	komen	vervangen	1940	1
zijn	komen	weg_schuiven	1918	1
zijn	komen	zitten	1972	1
zijn	komen	zoeken	1841	1
zijn	kunnen	zijn	1905	1
zijn	moeten	sterven	1992	1
zijn	moeten	volgen	1971	1
zijn	moeten	worden	1891	1
zijn	moeten	zijn	1841	1
zijn	raken	knoeien	1994	1
zijn	zijn	aan_merken	1954	1
zijn	zijn	doen	1905	1
zijn	zijn	drinken	1904	1
zijn	zijn	halen	1875	1
zijn	zijn	komen	1913	1
zijn	zijn	leren	1911	1
zijn	zijn	verkrijgen	1905	1
zijn	zijn	verwachten	1895	1
zijn	zijn	verwezenlijken	1869	1
zijn	zijn	vinden	1995	1
zijn	zijn	voorzien	1922	1
zijn	zijn	zijn	1970	1
zullen	beginnen	bezetten	1880	1
zullen	beginnen	maken	1904	1
zullen	beginnen	spelen	1989	1
zullen	beginnen	wonen	1981	1
zullen	behoeven	duren	1918	1
zullen	behoeven	wanhopen	1933	1
zullen	behoren	studeren	1975	1
zullen	behoren	zijn	1860	1
zullen	blijken	hebben	1923	1
zullen	blijken	zijn	1902	1
zullen	blijken	zijn	1918	1
zullen	blijken	zijn	1984	1
zullen	blijven	bevatten	1979	1
zullen	blijven	bidden	1924	1
zullen	blijven	dienen	1957	1
zullen	blijven	doen	1957	1
zullen	blijven	hebben	1978	1
zullen	blijven	leven	1913	1
zullen	blijven	liggen	1896	1
zullen	blijven	na_rollen	1978	1
zullen	blijven	ontbreken	1922	1
zullen	blijven	op_komen	1891	1
zullen	blijven	op_richten	1841	1
zullen	blijven	op_roepen	1988	1
zullen	blijven	roken	1860	1
zullen	blijven	staan	1978	1
zullen	blijven	uit_oefenen	1888	1
zullen	blijven	vegeteren	1953	1
zullen	blijven	verkeren	1979	1
zullen	blijven	verwijzen	1988	1
zullen	blijven	voor_doen	1961	1
zullen	blijven	werken	1858	1
zullen	blijven	zien	1957	1
zullen	dienen	hebben	1979	1
zullen	dienen	onderschrag	1970	1
zullen	doen	dansen	1924	1
zullen	doen	denken	1880	1
zullen	doen	denken	1890	1
zullen	doen	exploderen	1989	1
zullen	doen	gaan	1989	1
zullen	doen	gelden	1957	1
zullen	doen	geloven	1979	1
zullen	doen	gevoelen	1871	1
zullen	doen	gevoelen	1907	1
zullen	doen	herstellen	1874	1
zullen	doen	lachen	1841	1
zullen	doen	leven	1908	1
zullen	doen	ontstaan	1994	1
zullen	doen	op_kijken	1947	1
zullen	doen	op_waaien	1946	1
zullen	doen	scheiden	1890	1
zullen	doen	terug_trekken	1937	1
zullen	doen	toe_nemen	1979	2
zullen	doen	uit_komen	1946	1
zullen	doen	vermoeden	1992	1
zullen	doen	verwachten	1846	1
zullen	doen	verwachten	1888	1
zullen	doen	verzwaren	1871	1
zullen	doen	wachten	1928	1
zullen	doen	zien	1839	1
zullen	durven	beweren	1842	1
zullen	durven	beweren	1964	1
zullen	durven	doen	1875	1
zullen	durven	klimmen	1926	1
zullen	durven	leven	1926	1
zullen	durven	ondernemen	1841	1
zullen	durven	spreken	1890	1
zullen	durven	zeggen	1847	1
zullen	durven	zeggen	1959	1
zullen	durven	zeggen	1961	1
zullen	gaan	aan_kleden	1918	1
zullen	gaan	begrijpen	1925	1
zullen	gaan	begrijpen	1950	1
zullen	gaan	behoren	1979	1
zullen	gaan	bestellen	1918	1
zullen	gaan	bezig_houden	1965	1
zullen	gaan	denken	1933	1
zullen	gaan	dichten	1988	1
zullen	gaan	doen	1988	1
zullen	gaan	door_brengen	1891	1
zullen	gaan	eten	1918	1
zullen	gaan	gedragen	1982	1
zullen	gaan	heten	1982	1
zullen	gaan	leven	1926	1
zullen	gaan	maken	1934	1
zullen	gaan	op_zoeken	1925	1
zullen	gaan	organiseren	1910	1
zullen	gaan	praten	1918	1
zullen	gaan	praten	1935	1
zullen	gaan	slopen	1926	1
zullen	gaan	trouwen	1991	1
zullen	gaan	verdrijven	1926	1
zullen	gaan	zeggen	1959	1
zullen	gaan	zien	1940	1
zullen	gaan	zoeken	1989	1
zullen	geven	doen	1961	1
zullen	hebben	aan_kondigen	1989	1
zullen	hebben	aan_staren	1837	1
zullen	hebben	aan_vatten	1890	1
zullen	hebben	achten	1841	1
zullen	hebben	achten	1846	1
zullen	hebben	achten	1857	1
zullen	hebben	achten	1971	1
zullen	hebben	af_stoten	1978	1
zullen	hebben	antwoorden	1840	1
zullen	hebben	antwoorden	1896	1
zullen	hebben	antwoorden	1906	1
zullen	hebben	antwoorden	1952	1
zullen	hebben	bedriegen	1837	1
zullen	hebben	bedrijven	1954	1
zullen	hebben	begrenzen	1951	1
zullen	hebben	begrijpen	1907	1
zullen	hebben	begrijpen	1972	1
zullen	hebben	begrijpen	1982	1
zullen	hebben	behoren	1888	1
zullen	hebben	beloven	1925	1
zullen	hebben	bemerken	1888	1
zullen	hebben	benauwen	1926	1
zullen	hebben	benijden	1841	1
zullen	hebben	bepalen	1917	1
zullen	hebben	beschieten	1896	1
zullen	hebben	beschikken	1869	1
zullen	hebben	beschouwen	1926	1
zullen	hebben	betekenen	1931	1
zullen	hebben	betekenen	1946	1
zullen	hebben	betrachten	1874	1
zullen	hebben	betrachten	1941	1
zullen	hebben	bevinden	1857	1
zullen	hebben	bevredigen	1869	1
zullen	hebben	bidden	1941	1
zullen	hebben	bieden	1869	1
zullen	hebben	bij_dragen	1959	1
zullen	hebben	bij_plakken	1846	1
zullen	hebben	bliksemen	1842	1
zullen	hebben	bloeien	1931	1
zullen	hebben	brengen	1842	1
zullen	hebben	brengen	1956	1
zullen	hebben	copiÃ«ren	1890	1
zullen	hebben	danken	1918	1
zullen	hebben	denken	1857	1
zullen	hebben	denken	1888	1
zullen	hebben	denken	1910	1
zullen	hebben	denken	1925	1
zullen	hebben	denken	1971	1
zullen	hebben	dicht_klappen	1978	1
zullen	hebben	doen	1874	2
zullen	hebben	doen	1875	1
zullen	hebben	doen	1880	1
zullen	hebben	doen	1888	1
zullen	hebben	doen	1978	1
zullen	hebben	doorbreken	1951	1
zullen	hebben	drijven	1919	1
zullen	hebben	drinken	1951	1
zullen	hebben	dulden	1926	1
zullen	hebben	dulden	1935	1
zullen	hebben	ergeren	1936	1
zullen	hebben	gedenken	1991	1
zullen	hebben	gedragen	1955	1
zullen	hebben	geven	1858	1
zullen	hebben	geven	1888	1
zullen	hebben	geven	1906	1
zullen	hebben	geven	1907	1
zullen	hebben	geven	1925	1
zullen	hebben	geven	1965	1
zullen	hebben	gissen	1842	1
zullen	hebben	hebben	1896	1
zullen	hebben	hebben	1905	1
zullen	hebben	hebben	1906	1
zullen	hebben	hebben	1959	1
zullen	hebben	helpen	1945	1
zullen	hebben	herkennen	1837	1
zullen	hebben	herkennen	1926	2
zullen	hebben	honoreren	1961	1
zullen	hebben	horen	1980	1
zullen	hebben	horen	1982	1
zullen	hebben	houden	1880	1
zullen	hebben	huwen	1898	1
zullen	hebben	in_dienen	1890	1
zullen	hebben	in_jagen	1842	1
zullen	hebben	in_nemen	1871	1
zullen	hebben	in_stemmen	1909	1
zullen	hebben	in_zien	1956	1
zullen	hebben	inspireren	1954	1
zullen	hebben	kennen	1989	1
zullen	hebben	kiezen	1837	1
zullen	hebben	klinken	1970	1
zullen	hebben	kosten	1949	1
zullen	hebben	krijgen	1890	1
zullen	hebben	krijgen	1984	1
zullen	hebben	laten	1890	1
zullen	hebben	laten	1926	1
zullen	hebben	laten	1955	1
zullen	hebben	laten	1956	1
zullen	hebben	lenen	1948	1
zullen	hebben	lessen	1951	1
zullen	hebben	lezen	1917	1
zullen	hebben	liggen	1888	1
zullen	hebben	maken	1841	1
zullen	hebben	maken	1964	1
zullen	hebben	maken	1989	1
zullen	hebben	maken	1991	1
zullen	hebben	maken	1997	1
zullen	hebben	missen	1839	1
zullen	hebben	missen	1955	1
zullen	hebben	na_gaan	1951	1
zullen	hebben	nemen	1913	1
zullen	hebben	ondergaan	1902	1
zullen	hebben	ondergaan	1951	1
zullen	hebben	onderwerpen	1871	1
zullen	hebben	ontvangen	1880	1
zullen	hebben	ontwikkelen	1922	1
zullen	hebben	oordelen	1874	1
zullen	hebben	oordelen	1917	1
zullen	hebben	op_geven	1869	1
zullen	hebben	op_leveren	1984	1
zullen	hebben	op_nemen	1841	1
zullen	hebben	op_slaan	1892	1
zullen	hebben	op_vatten	1949	1
zullen	hebben	op_zien	1840	1
zullen	hebben	op_zien	1937	1
zullen	hebben	open_zetten	1949	1
zullen	hebben	over_dragen	1912	1
zullen	hebben	over_geven	1890	1
zullen	hebben	over_leveren	1896	1
zullen	hebben	plaats_grijpen	1984	1
zullen	hebben	plaats_hebben	1840	1
zullen	hebben	prijken	1960	1
zullen	hebben	profiteren	1955	1
zullen	hebben	raden	1843	1
zullen	hebben	ruimen	1930	1
zullen	hebben	samen_werken	1917	1
zullen	hebben	schelden	1933	1
zullen	hebben	scheppen	1943	1
zullen	hebben	schrijven	1846	1
zullen	hebben	schrijven	1874	1
zullen	hebben	schrijven	1888	1
zullen	hebben	schrijven	1970	1
zullen	hebben	schrijven	1971	1
zullen	hebben	schrijven	1992	1
zullen	hebben	sluiten	1858	1
zullen	hebben	staan	1837	1
zullen	hebben	staan	1924	1
zullen	hebben	stellen	1910	1
zullen	hebben	stijven	1875	1
zullen	hebben	storen	1926	1
zullen	hebben	straffen	1972	1
zullen	hebben	terug_grijpen	1985	1
zullen	hebben	terug_trekken	1985	1
zullen	hebben	troosten	1898	1
zullen	hebben	tuchtigen	1842	1
zullen	hebben	uit_delen	1935	1
zullen	hebben	uit_flappen	1968	1
zullen	hebben	uit_lokken	1857	1
zullen	hebben	uit_trekken	1978	1
zullen	hebben	uit_voeren	1842	1
zullen	hebben	varen	1949	1
zullen	hebben	verdedigen	1934	1
zullen	hebben	vergenoegen	1888	1
zullen	hebben	vergissen	1918	1
zullen	hebben	verhogen	1857	1
zullen	hebben	verkopen	1964	1
zullen	hebben	verkwisten	1842	1
zullen	hebben	verloochenen	1925	1
zullen	hebben	vermelden	1909	1
zullen	hebben	vermijden	1857	1
zullen	hebben	vermoeden	1959	1
zullen	hebben	verraden	1888	1
zullen	hebben	verspreiden	1840	1
zullen	hebben	versterken	1869	1
zullen	hebben	vertellen	1906	1
zullen	hebben	vertellen	1971	1
zullen	hebben	vertellen	1980	1
zullen	hebben	verwachten	1907	1
zullen	hebben	verwarren	1925	1
zullen	hebben	verwezenlijken	1869	1
zullen	hebben	verwezenlijken	1953	1
zullen	hebben	verwisselen	1857	1
zullen	hebben	verzekeren	1846	1
zullen	hebben	vestigen	1949	1
zullen	hebben	vinden	1874	1
zullen	hebben	vinden	1875	1
zullen	hebben	vinden	1902	1
zullen	hebben	voelen	1888	1
zullen	hebben	voelen	1951	1
zullen	hebben	voeren	1839	1
zullen	hebben	voltooien	1909	1
zullen	hebben	voor_doen	1984	1
zullen	hebben	voor_stellen	1843	1
zullen	hebben	voort_brengen	1924	1
zullen	hebben	vorderen	1950	1
zullen	hebben	vormen	1972	1
zullen	hebben	vrij_maken	1926	1
zullen	hebben	vrij_maken	1984	1
zullen	hebben	waar_nemen	1874	1
zullen	hebben	wagen	1902	1
zullen	hebben	wagen	1978	1
zullen	hebben	wandelen	1957	1
zullen	hebben	wekken	1995	1
zullen	hebben	wenen	1924	1
zullen	hebben	wensen	1910	1
zullen	hebben	werken	1960	1
zullen	hebben	weten	1949	1
zullen	hebben	weten	1970	1
zullen	hebben	weten	1978	1
zullen	hebben	zeggen	1847	1
zullen	hebben	zeggen	1891	1
zullen	hebben	zeggen	1909	1
zullen	hebben	zeggen	1910	2
zullen	hebben	zeggen	1925	1
zullen	hebben	zeggen	1952	1
zullen	hebben	zeggen	1957	1
zullen	hebben	zeggen	1960	1
zullen	hebben	zeggen	1982	1
zullen	hebben	zeggen	1989	1
zullen	hebben	zetten	1869	1
zullen	hebben	zoeken	1860	1
zullen	hebben	zoeken	1922	1
zullen	hebben	zorgen	1912	1
zullen	hebben	zweren	1971	1
zullen	helpen	dragen	1898	1
zullen	helpen	uit_voeren	1841	1
zullen	hoeven	mee_maken	1980	1
zullen	hoeven	uit_voeren	1993	1
zullen	hoeven	wachten	1947	1
zullen	komen	bezoeken	1924	1
zullen	komen	brengen	1841	1
zullen	komen	geraken	1896	1
zullen	komen	kosten	1937	1
zullen	komen	liggen	1958	1
zullen	komen	liggen	1988	1
zullen	komen	op_halen	1896	1
zullen	krijgen	horen	1989	1
zullen	krijgen	horen	1993	1
zullen	kunnen	aan_bieden	1989	1
zullen	kunnen	aan_geven	1937	1
zullen	kunnen	aan_halen	1945	1
zullen	kunnen	aan_merken	1961	1
zullen	kunnen	aan_tasten	1981	1
zullen	kunnen	aan_voeren	1979	1
zullen	kunnen	aan_zien	1930	1
zullen	kunnen	achten	1934	1
zullen	kunnen	af_beelden	1978	1
zullen	kunnen	af_vragen	1994	1
zullen	kunnen	af_wijzen	1937	1
zullen	kunnen	antwoorden	1874	2
zullen	kunnen	antwoorden	1925	1
zullen	kunnen	antwoorden	1947	1
zullen	kunnen	bedanken	1924	1
zullen	kunnen	bedienen	1919	1
zullen	kunnen	behoren	1907	1
zullen	kunnen	behouden	1947	1
zullen	kunnen	beletten	1934	1
zullen	kunnen	beoordelen	1841	1
zullen	kunnen	bepalen	1871	1
zullen	kunnen	bereiken	1925	1
zullen	kunnen	bereiken	1946	1
zullen	kunnen	beschikken	1906	1
zullen	kunnen	beschikken	1935	1
zullen	kunnen	beschouwen	1985	2
zullen	kunnen	beschrijven	1961	1
zullen	kunnen	besluiten	1934	1
zullen	kunnen	besparen	1918	1
zullen	kunnen	betogen	1995	1
zullen	kunnen	betrappen	1998	1
zullen	kunnen	bevestigen	1975	1
zullen	kunnen	beweren	1945	1
zullen	kunnen	beweren	1959	1
zullen	kunnen	beweren	1974	1
zullen	kunnen	beweren	1979	1
zullen	kunnen	bewijzen	1905	1
zullen	kunnen	bewijzen	1947	1
zullen	kunnen	bidden	1924	1
zullen	kunnen	bij_brengen	1842	1
zullen	kunnen	bij_brengen	1917	1
zullen	kunnen	bij_dragen	1994	1
zullen	kunnen	bij_voegen	1843	1
zullen	kunnen	bij_voegen	1906	1
zullen	kunnen	bijeen_roepen	1924	1
zullen	kunnen	blijken	1934	1
zullen	kunnen	blijken	1955	1
zullen	kunnen	blijven	1959	1
zullen	kunnen	brengen	1926	1
zullen	kunnen	concluderen	1958	1
zullen	kunnen	concluderen	1979	1
zullen	kunnen	denken	1970	2
zullen	kunnen	dienen	1951	1
zullen	kunnen	dienen	1979	1
zullen	kunnen	dienen	1994	1
zullen	kunnen	doen	1837	1
zullen	kunnen	doen	1905	1
zullen	kunnen	doen	1918	1
zullen	kunnen	doen	1924	1
zullen	kunnen	door_gaan	1934	1
zullen	kunnen	dragen	1980	1
zullen	kunnen	dulden	1926	2
zullen	kunnen	gebeuren	1922	1
zullen	kunnen	gebeuren	1940	1
zullen	kunnen	gebruiken	1988	1
zullen	kunnen	geloven	1924	1
zullen	kunnen	genieten	1935	1
zullen	kunnen	geschieden	1905	2
zullen	kunnen	geschieden	1912	2
zullen	kunnen	geschieden	1917	1
zullen	kunnen	geven	1910	1
zullen	kunnen	geven	1912	1
zullen	kunnen	geven	1926	1
zullen	kunnen	groeien	1890	1
zullen	kunnen	groeien	1992	1
zullen	kunnen	handhaven	1999	1
zullen	kunnen	hebben	1952	1
zullen	kunnen	hebben	1994	1
zullen	kunnen	horen	1918	1
zullen	kunnen	houden	1934	1
zullen	kunnen	in_lassen	1972	1
zullen	kunnen	in_lichten	1964	1
zullen	kunnen	in_nemen	1938	1
zullen	kunnen	in_stemmen	1934	1
zullen	kunnen	komen	1890	1
zullen	kunnen	komen	1934	1
zullen	kunnen	leggen	1979	1
zullen	kunnen	leiden	1954	1
zullen	kunnen	leiden	1981	1
zullen	kunnen	leiden	1989	1
zullen	kunnen	lezen	1999	1
zullen	kunnen	liggen	1965	1
zullen	kunnen	lopen	1925	1
zullen	kunnen	luiden	1940	1
zullen	kunnen	maken	1968	1
zullen	kunnen	maken	1993	1
zullen	kunnen	mee_gaan	1925	1
zullen	kunnen	mee_voelen	1925	1
zullen	kunnen	menen	1890	1
zullen	kunnen	menen	1956	1
zullen	kunnen	missen	1916	1
zullen	kunnen	na_speuren	1937	1
zullen	kunnen	nemen	1869	1
zullen	kunnen	nemen	1975	1
zullen	kunnen	noemen	1894	1
zullen	kunnen	noemen	1902	1
zullen	kunnen	noemen	1912	1
zullen	kunnen	noemen	1913	1
zullen	kunnen	noemen	1930	1
zullen	kunnen	noemen	1940	1
zullen	kunnen	noemen	1950	1
zullen	kunnen	noemen	1954	1
zullen	kunnen	noemen	1961	3
zullen	kunnen	noemen	1964	2
zullen	kunnen	noemen	1968	1
zullen	kunnen	noemen	1978	1
zullen	kunnen	noemen	1980	1
zullen	kunnen	noemen	1982	1
zullen	kunnen	noemen	1985	1
zullen	kunnen	noemen	1989	1
zullen	kunnen	oefenen	1858	1
zullen	kunnen	onderdrukken	1875	1
zullen	kunnen	ondernemen	1939	1
zullen	kunnen	onderscheiden	1992	1
zullen	kunnen	onderwerpen	1869	1
zullen	kunnen	ontsnappen	1918	1
zullen	kunnen	ontstaan	1951	1
zullen	kunnen	ontwikkelen	1991	1
zullen	kunnen	op_geven	1924	1
zullen	kunnen	op_halen	1949	1
zullen	kunnen	op_helderen	1965	1
zullen	kunnen	op_lossen	1890	1
zullen	kunnen	op_merken	1965	1
zullen	kunnen	op_merken	1989	1
zullen	kunnen	op_nemen	1981	1
zullen	kunnen	op_stellen	1933	1
zullen	kunnen	op_vangen	1952	1
zullen	kunnen	op_werpen	1956	1
zullen	kunnen	over_halen	1880	1
zullen	kunnen	over_komen	1917	1
zullen	kunnen	overtuigen	1946	1
zullen	kunnen	plaatsen	1841	1
zullen	kunnen	preken	1922	1
zullen	kunnen	profiteren	1981	1
zullen	kunnen	redden	1979	1
zullen	kunnen	richten	1979	1
zullen	kunnen	samen_gaan	1959	1
zullen	kunnen	samen_hangen	1975	1
zullen	kunnen	schijnen	1874	1
zullen	kunnen	schrijven	1972	1
zullen	kunnen	schrikken	1965	1
zullen	kunnen	spreken	1964	1
zullen	kunnen	staan	1874	1
zullen	kunnen	stellen	1842	1
zullen	kunnen	stellen	1951	1
zullen	kunnen	stellen	1979	1
zullen	kunnen	stemmen	1952	1
zullen	kunnen	stichten	1924	1
zullen	kunnen	suggereren	1950	1
zullen	kunnen	tegen_vallen	1934	1
zullen	kunnen	thuis_voelen	1972	1
zullen	kunnen	toe_kennen	1979	1
zullen	kunnen	toe_rusten	1880	1
zullen	kunnen	twijfelen	1846	1
zullen	kunnen	uit_drukken	1888	1
zullen	kunnen	uit_houden	1963	1
zullen	kunnen	uit_stellen	1918	1
zullen	kunnen	verdedigen	1994	1
zullen	kunnen	verdelen	1961	1
zullen	kunnen	verdwijnen	1926	1
zullen	kunnen	vergelijken	1891	1
zullen	kunnen	vergissen	1903	1
zullen	kunnen	verhinderen	1926	1
zullen	kunnen	verkeren	1895	1
zullen	kunnen	verklaren	1888	1
zullen	kunnen	verklaren	1925	1
zullen	kunnen	verklaren	1985	1
zullen	kunnen	veronderstellen	1935	1
zullen	kunnen	verplaatsen	1925	1
zullen	kunnen	verraden	1895	1
zullen	kunnen	verrichten	1924	1
zullen	kunnen	verschaffen	1994	1
zullen	kunnen	verschijnen	1994	1
zullen	kunnen	verstaan	1869	1
zullen	kunnen	verstaan	1924	1
zullen	kunnen	versterken	1916	1
zullen	kunnen	vertroetelen	1926	1
zullen	kunnen	vervallen	1994	1
zullen	kunnen	vervreemden	1930	1
zullen	kunnen	vervullen	1919	1
zullen	kunnen	vervullen	1982	1
zullen	kunnen	verzoenen	1993	1
zullen	kunnen	vol_houden	1951	1
zullen	kunnen	volgen	1843	1
zullen	kunnen	volgen	1925	1
zullen	kunnen	volgen	1992	1
zullen	kunnen	voor_stellen	1907	1
zullen	kunnen	voor_stellen	1936	1
zullen	kunnen	voor_stellen	1940	1
zullen	kunnen	voor_stellen	1951	1
zullen	kunnen	voorbij_gaan	1959	1
zullen	kunnen	voort_bestaan	1946	1
zullen	kunnen	vragen	1964	1
zullen	kunnen	vrij_houden	1841	1
zullen	kunnen	weg_blijven	1935	1
zullen	kunnen	wekken	1874	1
zullen	kunnen	wekken	1925	1
zullen	kunnen	weren	1841	1
zullen	kunnen	werken	1934	1
zullen	kunnen	werken	1979	1
zullen	kunnen	wijzen	1937	1
zullen	kunnen	wijzen	1989	1
zullen	kunnen	worden	1874	1
zullen	kunnen	worden	1909	1
zullen	kunnen	worden	1912	1
zullen	kunnen	worden	1934	2
zullen	kunnen	worden	1935	1
zullen	kunnen	worden	1951	1
zullen	kunnen	zeggen	1840	1
zullen	kunnen	zeggen	1874	1
zullen	kunnen	zeggen	1888	1
zullen	kunnen	zeggen	1907	1
zullen	kunnen	zeggen	1940	2
zullen	kunnen	zeggen	1943	1
zullen	kunnen	zeggen	1964	1
zullen	kunnen	zeggen	1978	1
zullen	kunnen	zeggen	1979	3
zullen	kunnen	zeggen	1981	1
zullen	kunnen	zeggen	1995	1
zullen	kunnen	zetten	1924	1
zullen	kunnen	zien	1837	1
zullen	kunnen	zien	1925	1
zullen	kunnen	zien	1951	1
zullen	kunnen	zijn	1842	1
zullen	kunnen	zijn	1874	1
zullen	kunnen	zijn	1894	1
zullen	kunnen	zijn	1903	1
zullen	kunnen	zijn	1905	1
zullen	kunnen	zijn	1909	1
zullen	kunnen	zijn	1916	1
zullen	kunnen	zijn	1918	1
zullen	kunnen	zijn	1919	2
zullen	kunnen	zijn	1934	1
zullen	kunnen	zijn	1935	2
zullen	kunnen	zijn	1937	1
zullen	kunnen	zijn	1946	1
zullen	kunnen	zijn	1949	1
zullen	kunnen	zijn	1958	1
zullen	kunnen	zijn	1974	1
zullen	kunnen	zijn	1975	4
zullen	kunnen	zijn	1978	2
zullen	kunnen	zijn	1979	2
zullen	kunnen	zijn	1992	2
zullen	kunnen	zingen	1922	1
zullen	kunnen	zinspelen	1985	1
zullen	kunnen	zoenen	1963	1
zullen	laten	af_draaien	1971	1
zullen	laten	af_pikken	1970	1
zullen	laten	bewieroken	1842	1
zullen	laten	gaan	1896	1
zullen	laten	huldigen	1841	1
zullen	laten	kijken	1909	1
zullen	laten	komen	1895	1
zullen	laten	leven	1940	1
zullen	laten	lopen	1926	1
zullen	laten	ontwerpen	1847	1
zullen	laten	op_treden	1907	1
zullen	laten	overrompelen	1949	1
zullen	laten	roepen	1926	1
zullen	laten	rusten	1910	1
zullen	laten	spreken	1926	1
zullen	laten	staan	1894	1
zullen	laten	staan	1905	1
zullen	laten	treden	1933	1
zullen	laten	voelen	1908	1
zullen	laten	volgen	1858	1
zullen	laten	voorbij_trekken	1907	1
zullen	laten	wachten	1934	1
zullen	laten	wachten	1972	1
zullen	laten	wegen	1972	1
zullen	laten	wel_gevallen	1858	1
zullen	laten	zien	1919	1
zullen	laten	zien	1949	1
zullen	laten	zien	1978	1
zullen	laten	zien	1980	1
zullen	laten	zien	1992	1
zullen	leren	in_zien	1926	1
zullen	lijken	bepalen	1953	1
zullen	moeten	aan_brengen	1993	1
zullen	moeten	aan_nemen	1951	1
zullen	moeten	aan_passen	1989	1
zullen	moeten	aan_tonen	1871	1
zullen	moeten	aanvaarden	1965	1
zullen	moeten	af_wachten	1860	1
zullen	moeten	af_wachten	1968	1
zullen	moeten	bedriegen	1928	1
zullen	moeten	behandelen	1968	1
zullen	moeten	beminnen	1924	1
zullen	moeten	bepalen	1905	1
zullen	moeten	beperken	1975	1
zullen	moeten	beperken	1979	1
zullen	moeten	beschouwen	1972	1
zullen	moeten	betalen	1842	1
zullen	moeten	betalen	1874	1
zullen	moeten	betalen	1922	1
zullen	moeten	bevatten	1919	1
zullen	moeten	bewijzen	1910	1
zullen	moeten	blijven	1933	1
zullen	moeten	boeten	1943	2
zullen	moeten	buiten_komen	1978	1
zullen	moeten	dalen	1911	1
zullen	moeten	dateren	1955	1
zullen	moeten	delven	1984	1
zullen	moeten	dienst_doen	1964	1
zullen	moeten	doen	1898	1
zullen	moeten	dragen	1979	2
zullen	moeten	erkennen	1874	1
zullen	moeten	erkennen	1895	1
zullen	moeten	erkennen	1919	1
zullen	moeten	erkennen	1949	1
zullen	moeten	geloven	1922	1
zullen	moeten	genieten	1979	1
zullen	moeten	geschieden	1939	1
zullen	moeten	geven	1979	1
zullen	moeten	goed_maken	1979	1
zullen	moeten	grienen	1963	1
zullen	moeten	hebben	1860	1
zullen	moeten	hebben	1968	1
zullen	moeten	horen	1975	1
zullen	moeten	houden	1860	1
zullen	moeten	houden	1919	1
zullen	moeten	huren	1971	1
zullen	moeten	kiezen	1963	1
zullen	moeten	knielen	1922	1
zullen	moeten	knielen	1975	1
zullen	moeten	kniezen	1963	1
zullen	moeten	komen	1905	1
zullen	moeten	komen	1951	1
zullen	moeten	krijgen	1925	1
zullen	moeten	krijgen	1979	1
zullen	moeten	kwellen	1935	1
zullen	moeten	laken	1917	1
zullen	moeten	leggen	1989	1
zullen	moeten	leren	1919	2
zullen	moeten	liggen	1968	1
zullen	moeten	lopen	1906	1
zullen	moeten	luiden	1857	1
zullen	moeten	mee_nemen	1938	1
zullen	moeten	na_streven	1919	1
zullen	moeten	nemen	1910	1
zullen	moeten	noemen	1978	1
zullen	moeten	oefenen	1846	1
zullen	moeten	ontgoochelen	1968	1
zullen	moeten	op_geven	1895	1
zullen	moeten	op_geven	1934	1
zullen	moeten	op_geven	1972	1
zullen	moeten	op_lossen	1959	1
zullen	moeten	op_passen	1979	1
zullen	moeten	realiseren	1981	1
zullen	moeten	regelen	1991	1
zullen	moeten	scheren	1978	1
zullen	moeten	schrijven	1949	1
zullen	moeten	sjouwen	1898	1
zullen	moeten	spreken	1922	1
zullen	moeten	staan	1922	1
zullen	moeten	tevreden_stellen	1951	1
zullen	moeten	toe_geven	1930	1
zullen	moeten	toe_geven	1936	1
zullen	moeten	uit_spreken	1905	1
zullen	moeten	uit_vinden	1977	1
zullen	moeten	vast_stellen	1905	1
zullen	moeten	vasten	1840	1
zullen	moeten	verachten	1910	1
zullen	moeten	verbinden	1890	1
zullen	moeten	verblijven	1896	1
zullen	moeten	verdienen	1847	1
zullen	moeten	verdwijnen	1902	1
zullen	moeten	verkijken	1970	1
zullen	moeten	verklaren	1945	1
zullen	moeten	verlammen	1991	1
zullen	moeten	verrichten	1951	1
zullen	moeten	vinden	1922	1
zullen	moeten	volgen	1945	1
zullen	moeten	voort_vloeien	1979	1
zullen	moeten	vorderen	1871	1
zullen	moeten	waken	1904	1
zullen	moeten	weerhouden	1959	1
zullen	moeten	wijden	1903	1
zullen	moeten	worden	1953	1
zullen	moeten	worden	1959	1
zullen	moeten	worden	1991	1
zullen	moeten	zetten	1922	1
zullen	moeten	zijn	1860	1
zullen	moeten	zijn	1871	1
zullen	moeten	zijn	1902	1
zullen	moeten	zijn	1919	1
zullen	moeten	zijn	1947	1
zullen	moeten	zijn	1953	1
zullen	moeten	zijn	1965	1
zullen	moeten	zijn	1975	1
zullen	moeten	zijn	1979	2
zullen	moeten	zijn	1994	1
zullen	moeten	zoeken	1880	1
zullen	moeten	zwichten	1909	1
zullen	mogen	aan_schouwen	1890	1
zullen	mogen	begroeten	1933	1
zullen	mogen	bereiken	1930	1
zullen	mogen	betitelen	1934	1
zullen	mogen	bezig_houden	1965	1
zullen	mogen	concluderen	1975	1
zullen	mogen	doen	1939	1
zullen	mogen	door_gaan	1912	1
zullen	mogen	ontlenen	1951	1
zullen	mogen	rekenen	1951	1
zullen	mogen	tegemoet_zien	1871	1
zullen	mogen	zeggen	1922	1
zullen	mogen	zijn	1922	1
zullen	proberen	geven	1950	1
zullen	proberen	lijmen	1964	1
zullen	proberen	op_staan	1898	1
zullen	proberen	pakken	1972	1
zullen	staan	drukken	1920	1
zullen	staan	vermelden	1971	1
zullen	trachten	bereiken	1902	1
zullen	trachten	bewegen	1880	1
zullen	trachten	binnen_dringen	1902	1
zullen	trachten	kleden	1874	1
zullen	trachten	peilen	1952	1
zullen	trachten	praten	1919	1
zullen	trachten	samen_komen	1911	1
zullen	trachten	stemmen	1874	1
zullen	trachten	uit_leggen	1904	1
zullen	trachten	verduidelijken	1951	1
zullen	vallen	verrichten	1935	1
zullen	vergeten	zenden	1960	1
zullen	vinden	gebruiken	1919	1
zullen	voelen	klimmen	1908	1
zullen	vrezen	geraken	1860	1
zullen	wensen	hebben	1926	1
zullen	weten	houden	1918	1
zullen	weten	roepen	1956	1
zullen	weten	uit_beelden	1907	1
zullen	weten	vinden	1841	1
zullen	weten	voor_stellen	1918	1
zullen	weten	zeggen	1934	1
zullen	willen	aan_nemen	1880	1
zullen	willen	aan_wakkeren	1999	1
zullen	willen	aanvaarden	1890	1
zullen	willen	af_beelden	1956	1
zullen	willen	beteren	1922	1
zullen	willen	bewaren	1961	1
zullen	willen	beweren	1869	1
zullen	willen	beweren	1937	1
zullen	willen	gaan	1989	1
zullen	willen	gade_slaan	1858	1
zullen	willen	gebruik_maken	1869	1
zullen	willen	geloven	1956	1
zullen	willen	geven	1903	1
zullen	willen	geven	1934	1
zullen	willen	geven	1950	1
zullen	willen	grijpen	1891	1
zullen	willen	herkennen	1951	1
zullen	willen	herroepen	1837	1
zullen	willen	horen	1910	1
zullen	willen	huwen	1991	2
zullen	willen	kopen	1999	1
zullen	willen	lastig_vallen	1925	1
zullen	willen	leiden	1926	1
zullen	willen	leven	1926	1
zullen	willen	leven	1972	1
zullen	willen	maken	1917	1
zullen	willen	missen	1906	1
zullen	willen	missen	1965	1
zullen	willen	neer_kijken	1993	1
zullen	willen	nemen	1910	1
zullen	willen	nemen	1928	1
zullen	willen	noemen	1837	1
zullen	willen	noemen	1892	1
zullen	willen	noemen	1922	1
zullen	willen	om_halen	1935	1
zullen	willen	om_keren	1846	1
zullen	willen	op_merken	1965	1
zullen	willen	rechtvaardigen	1954	1
zullen	willen	ruimen	1837	1
zullen	willen	schilderen	1874	1
zullen	willen	schudden	1953	1
zullen	willen	slapen	1970	1
zullen	willen	spreken	1956	1
zullen	willen	steken	1991	1
zullen	willen	stellen	1903	1
zullen	willen	stellen	1961	1
zullen	willen	toe_voegen	1961	1
zullen	willen	trekken	1869	1
zullen	willen	trekken	1992	1
zullen	willen	uit_sluiten	1871	1
zullen	willen	vast_leggen	1920	1
zullen	willen	verkleinen	1952	1
zullen	willen	verschonen	1895	1
zullen	willen	verwijten	1972	1
zullen	willen	verzoenen	1874	1
zullen	willen	vragen	1898	1
zullen	willen	vragen	1907	1
zullen	willen	vragen	1922	1
zullen	willen	vragen	1968	1
zullen	willen	weerleggen	1846	1
zullen	willen	weten	1922	1
zullen	willen	weten	1951	1
zullen	willen	zeggen	1975	1
zullen	willen	zetten	1991	1
zullen	willen	zien	1842	1
zullen	willen	zijn	1922	1
zullen	willen	zijn	1926	2
zullen	willen	zijn	1940	1
zullen	willen	zijn	1988	1
zullen	worden	aan_brengen	1950	1
zullen	worden	aan_horen	1860	1
zullen	worden	aan_moedigen	1874	1
zullen	worden	aan_roeren	1919	1
zullen	worden	aan_scherpen	1989	1
zullen	worden	aan_stellen	1939	1
zullen	worden	aan_voelen	1989	1
zullen	worden	aan_wenden	1952	1
zullen	worden	achten	1837	1
zullen	worden	af_breken	1984	1
zullen	worden	af_doen	1912	1
zullen	worden	af_scheiden	1934	1
zullen	worden	begrijpen	1934	1
zullen	worden	behandelen	1945	1
zullen	worden	behandelen	1947	1
zullen	worden	behartigen	1905	1
zullen	worden	belasten	1959	1
zullen	worden	bemoeilijken	1905	1
zullen	worden	bemoeilijken	1912	1
zullen	worden	benemen	1896	1
zullen	worden	beoefenen	1874	1
zullen	worden	bepalen	1874	1
zullen	worden	bepalen	1902	1
zullen	worden	bepalen	1939	1
zullen	worden	bespreken	1948	1
zullen	worden	bestelen	1926	1
zullen	worden	bestuderen	1902	1
zullen	worden	betrachten	1912	1
zullen	worden	bevorderen	1846	1
zullen	worden	bevorderen	1869	1
zullen	worden	bevorderen	1994	1
zullen	worden	bevrijden	1902	1
zullen	worden	bevrijden	1991	1
zullen	worden	bezegelen	1922	1
zullen	worden	bezorgen	1903	1
zullen	worden	bezorgen	1978	1
zullen	worden	bidden	1971	1
zullen	worden	bijten	1964	1
zullen	worden	bloot_stellen	1895	1
zullen	worden	brengen	1874	1
zullen	worden	brengen	1912	1
zullen	worden	brengen	1955	1
zullen	worden	brengen	1979	1
zullen	worden	compenseren	1952	1
zullen	worden	deporteren	1961	1
zullen	worden	doen	1895	1
zullen	worden	doen	1902	1
zullen	worden	doen	1930	1
zullen	worden	drinken	1911	1
zullen	worden	drukken	1871	1
zullen	worden	dulden	1946	1
zullen	worden	erkennen	1858	1
zullen	worden	exploiteren	1912	1
zullen	worden	geboren	1842	1
zullen	worden	geboren	1871	1
zullen	worden	geboren	1898	1
zullen	worden	gebruiken	1977	1
zullen	worden	geren	1934	1
zullen	worden	grieven	1951	1
zullen	worden	handhaven	1880	1
zullen	worden	herstellen	1988	1
zullen	worden	hinderen	1982	1
zullen	worden	houden	1846	1
zullen	worden	houden	1896	1
zullen	worden	houden	1910	1
zullen	worden	illustreren	1988	1
zullen	worden	in_boezemen	1858	1
zullen	worden	in_brengen	1935	1
zullen	worden	in_burgeren	1951	1
zullen	worden	in_voeren	1869	1
zullen	worden	in_zien	1911	1
zullen	worden	kwellen	1842	1
zullen	worden	leggen	1874	1
zullen	worden	leiden	1904	1
zullen	worden	nemen	1869	2
zullen	worden	nemen	1988	1
zullen	worden	nemen	1995	1
zullen	worden	noemen	1874	1
zullen	worden	noemen	1875	1
zullen	worden	offeren	1898	1
zullen	worden	om_bouwen	1978	1
zullen	worden	onder_brengen	1930	1
zullen	worden	ondernemen	1934	1
zullen	worden	onderwerpen	1846	1
zullen	worden	onderzoeken	1902	2
zullen	worden	ontdekken	1989	1
zullen	worden	onthullen	1978	1
zullen	worden	ontlasten	1908	1
zullen	worden	onttrekken	1880	1
zullen	worden	ontwrichten	1840	1
zullen	worden	ontzeggen	1871	1
zullen	worden	op_dragen	1902	1
zullen	worden	op_dragen	1904	1
zullen	worden	op_heffen	1846	1
zullen	worden	op_helderen	1857	1
zullen	worden	op_leggen	1904	1
zullen	worden	op_lossen	1959	1
zullen	worden	op_lossen	1970	1
zullen	worden	op_nemen	1858	1
zullen	worden	op_nemen	1975	1
zullen	worden	op_richten	1871	1
zullen	worden	op_vatten	1874	1
zullen	worden	op_vatten	1912	1
zullen	worden	op_vullen	1992	1
zullen	worden	openen	1860	1
zullen	worden	over_dragen	1912	1
zullen	worden	over_geven	1880	1
zullen	worden	plaatsen	1960	1
zullen	worden	polemiseren	1999	1
zullen	worden	recipieren	1988	1
zullen	worden	rekenen	1869	1
zullen	worden	ruimen	1979	1
zullen	worden	scharen	1960	1
zullen	worden	schenken	1875	1
zullen	worden	scheppen	1920	1
zullen	worden	schrijven	1995	1
zullen	worden	slachten	1895	1
zullen	worden	snoeren	1895	1
zullen	worden	stellen	1869	1
zullen	worden	stellen	1988	1
zullen	worden	steunen	1902	1
zullen	worden	storen	1904	1
zullen	worden	subsidiÃ«ren	1955	1
zullen	worden	tegemoet_komen	1869	1
zullen	worden	tegen_spreken	1912	1
zullen	worden	tellen	1871	1
zullen	worden	toe_kennen	1880	1
zullen	worden	treffen	1989	1
zullen	worden	tuinier_om	1909	1
zullen	worden	uit_geven	1946	1
zullen	worden	uit_geven	1995	1
zullen	worden	uit_keren	1935	1
zullen	worden	uit_maken	1910	1
zullen	worden	uit_oefenen	1912	1
zullen	worden	uit_zenden	1971	1
zullen	worden	vast_stellen	1871	1
zullen	worden	vast_stellen	1902	1
zullen	worden	veilen	1945	1
zullen	worden	veranderen	1975	1
zullen	worden	verdedigen	1905	1
zullen	worden	verdoemen	1972	1
zullen	worden	vereisen	1841	1
zullen	worden	vereisen	1946	1
zullen	worden	vergeten	1954	1
zullen	worden	vergieten	1895	1
zullen	worden	vergroten	1952	1
zullen	worden	vergunnen	1871	1
zullen	worden	verhalen	1943	1
zullen	worden	verhinderen	1858	1
zullen	worden	verhogen	1874	1
zullen	worden	verkondigen	1869	1
zullen	worden	verkrijgen	1846	1
zullen	worden	verkrijgen	1905	1
zullen	worden	verlenen	1871	1
zullen	worden	verlenen	1924	1
zullen	worden	vermelden	1945	1
zullen	worden	vernieuwen	1890	1
zullen	worden	verrichten	1902	1
zullen	worden	vertegenwoordigen	1925	1
zullen	worden	vertegenwoordigen	1975	1
zullen	worden	verteren	1930	1
zullen	worden	vervullen	1880	1
zullen	worden	vervullen	1981	1
zullen	worden	verwelkomen	1840	1
zullen	worden	verwezenlijken	1869	1
zullen	worden	verwezenlijken	1922	2
zullen	worden	verwezenlijken	1924	1
zullen	worden	verwezenlijken	1936	1
zullen	worden	verzadigen	1925	2
zullen	worden	vestigen	1972	1
zullen	worden	vieren	1890	1
zullen	worden	voeren	1953	1
zullen	worden	volgen	1857	1
zullen	worden	volgen	1869	1
zullen	worden	volgen	1909	1
zullen	worden	voltrekken	1909	1
zullen	worden	voor_bereiden	1869	1
zullen	worden	voor_stellen	1842	1
zullen	worden	voorkomen	1912	1
zullen	worden	voorzien	1869	1
zullen	worden	vormen	1958	1
zullen	worden	waar_nemen	1902	1
zullen	worden	weg_slingeren	1947	2
zullen	worden	wijden	1968	2
zullen	worden	zeggen	1949	1
zullen	worden	zetten	1910	1
zullen	worden	zeur_af	1905	1
zullen	worden	zingen	1842	1
zullen	zetten	betalen	1935	1
zullen	zien	belonen	1858	1
zullen	zien	brengen	1847	1
zullen	zien	brengen	1880	1
zullen	zien	doen	1911	1
zullen	zien	leven	1924	1
zullen	zien	lopen	1896	1
zullen	zien	plaatsen	1871	1
zullen	zien	slapen	1904	1
zullen	zien	trouwen	1925	1
zullen	zien	verdwijnen	1892	1
zullen	zien	vervullen	1979	1
zullen	zien	vooruit_schuiven	1947	1
zullen	zien	wenen	1911	1
zullen	zijn	aan_nemen	1902	1
zullen	zijn	aan_vliegen	1925	1
zullen	zijn	aan_wijzen	1912	1
zullen	zijn	af_vaardigen	1869	1
zullen	zijn	bedoelen	1922	1
zullen	zijn	bedoelen	1951	1
zullen	zijn	begrijpen	1871	1
zullen	zijn	behandelen	1930	1
zullen	zijn	beoordelen	1955	1
zullen	zijn	besteden	1925	1
zullen	zijn	bestemmen	1902	1
zullen	zijn	beweren	1911	1
zullen	zijn	bezwijken	1890	1
zullen	zijn	beÃ¯nvloeden	1937	1
zullen	zijn	blijven	1840	1
zullen	zijn	blijven	1888	1
zullen	zijn	blijven	1959	1
zullen	zijn	blijven	1982	1
zullen	zijn	brengen	1905	1
zullen	zijn	dalen	1975	1
zullen	zijn	dichten	1922	1
zullen	zijn	doen	1961	1
zullen	zijn	gaan	1869	1
zullen	zijn	gebeuren	1926	1
zullen	zijn	gebeuren	1980	1
zullen	zijn	gebruiken	1994	1
zullen	zijn	genezen	1925	1
zullen	zijn	geschieden	1880	1
zullen	zijn	geven	1903	1
zullen	zijn	harmonier	1953	1
zullen	zijn	herstellen	1888	1
zullen	zijn	houden	1880	1
zullen	zijn	houden	1975	1
zullen	zijn	illustreren	1961	1
zullen	zijn	in_dienen	1912	1
zullen	zijn	in_roepen	1840	1
zullen	zijn	in_slapen	1941	1
zullen	zijn	in_sturen	1989	1
zullen	zijn	in_vallen	1846	1
zullen	zijn	kiezen	1874	1
zullen	zijn	komen	1841	1
zullen	zijn	komen	1896	1
zullen	zijn	komen	1919	1
zullen	zijn	komen	1926	1
zullen	zijn	komen	1958	1
zullen	zijn	krijgen	1880	1
zullen	zijn	lachen	1982	1
zullen	zijn	los_komen	1955	1
zullen	zijn	lukken	1847	1
zullen	zijn	lukken	1970	1
zullen	zijn	mede_delen	1896	1
zullen	zijn	mee_vallen	1922	1
zullen	zijn	naderen	1937	1
zullen	zijn	noemen	1961	1
zullen	zijn	onderwerpen	1871	1
zullen	zijn	ontlenen	1951	1
zullen	zijn	op_komen	1875	1
zullen	zijn	op_nemen	1860	1
zullen	zijn	op_rijzen	1875	1
zullen	zijn	op_vallen	1937	1
zullen	zijn	op_vallen	1987	1
zullen	zijn	openen	1874	1
zullen	zijn	organiseren	1961	1
zullen	zijn	over_gaan	1874	2
zullen	zijn	over_nemen	1992	1
zullen	zijn	rechtvaardigen	1979	2
zullen	zijn	redden	1904	1
zullen	zijn	regelen	1919	1
zullen	zijn	slaan	1842	1
zullen	zijn	slagen	1902	1
zullen	zijn	snellen	1931	1
zullen	zijn	stellen	1997	1
zullen	zijn	sterven	1926	1
zullen	zijn	stijgen	1975	1
zullen	zijn	storen	1959	1
zullen	zijn	tegen_komen	1919	1
zullen	zijn	terug_brengen	1869	1
zullen	zijn	toe_staan	1925	1
zullen	zijn	treden	1972	1
zullen	zijn	trekken	1925	1
zullen	zijn	uit_blijven	1869	1
zullen	zijn	uit_geven	1975	2
zullen	zijn	uit_komen	1972	1
zullen	zijn	uit_maken	1937	1
zullen	zijn	uit_richten	1869	1
zullen	zijn	uit_vallen	1847	1
zullen	zijn	uit_vallen	1912	1
zullen	zijn	uit_vallen	1965	1
zullen	zijn	uit_vallen	1988	1
zullen	zijn	vallen	1837	1
zullen	zijn	vallen	1842	1
zullen	zijn	vast_stellen	1905	1
zullen	zijn	verbeteren	1979	1
zullen	zijn	verdedigen	1871	1
zullen	zijn	verdrinken	1949	1
zullen	zijn	verdwijnen	1977	1
zullen	zijn	verdwijnen	1979	1
zullen	zijn	vergiftigen	1857	1
zullen	zijn	verhinderen	1926	1
zullen	zijn	verijdelen	1875	1
zullen	zijn	verkiezen	1979	2
zullen	zijn	verkrijgen	1871	1
zullen	zijn	verliezen	1858	1
zullen	zijn	verlopen	1904	1
zullen	zijn	verlossen	1858	1
zullen	zijn	vermeerderen	1954	1
zullen	zijn	vermijden	1905	1
zullen	zijn	vermijden	1935	1
zullen	zijn	veroordelen	1875	1
zullen	zijn	verrijken	1931	1
zullen	zijn	verrijzen	1869	1
zullen	zijn	verschieten	1978	1
zullen	zijn	verspreiden	1970	1
zullen	zijn	vertellen	1997	1
zullen	zijn	verteren	1929	1
zullen	zijn	vervangen	1961	1
zullen	zijn	verwaaien	1929	1
zullen	zijn	verzekeren	1869	1
zullen	zijn	vinden	1905	1
zullen	zijn	vinden	1934	1
zullen	zijn	volgen	1841	1
zullen	zijn	voltooien	1978	1
zullen	zijn	voor_behouden	1946	1
zullen	zijn	voorbij_gaan	1922	1
zullen	zijn	voort_komen	1871	1
zullen	zijn	waarderen	1937	1
zullen	zijn	wapenen	1978	1
zullen	zijn	weg_blazen	1902	1
zullen	zijn	weg_nemen	1874	1
zullen	zijn	weg_nemen	1961	1
zullen	zijn	wenen	1904	1
zullen	zijn	wijden	1888	1
zullen	zijn	winnen	1840	1
zullen	zijn	winnen	1880	1
zullen	zijn	winnen	1912	1
zullen	zijn	worden	1842	2
zullen	zijn	worden	1869	1
zullen	zijn	worden	1880	2
zullen	zijn	worden	1890	1
zullen	zijn	worden	1910	1
zullen	zijn	worden	1918	1
zullen	zijn	worden	1937	1
zullen	zijn	worden	1970	2
zullen	zijn	zeggen	1919	1
zullen	zijn	zeggen	1959	1
zullen	zijn	zetten	1902	1
zullen	zijn	zetten	1951	1
zullen	zijn	zien	1960	1
zullen	zijn	zijn	1837	1
zullen	zijn	zijn	1840	3
zullen	zijn	zijn	1841	3
zullen	zijn	zijn	1846	2
zullen	zijn	zijn	1860	1
zullen	zijn	zijn	1874	1
zullen	zijn	zijn	1875	4
zullen	zijn	zijn	1880	1
zullen	zijn	zijn	1902	1
zullen	zijn	zijn	1903	1
zullen	zijn	zijn	1909	1
zullen	zijn	zijn	1916	1
zullen	zijn	zijn	1917	2
zullen	zijn	zijn	1918	1
zullen	zijn	zijn	1919	1
zullen	zijn	zijn	1922	1
zullen	zijn	zijn	1924	2
zullen	zijn	zijn	1925	1
zullen	zijn	zijn	1926	1
zullen	zijn	zijn	1930	1
zullen	zijn	zijn	1937	2
zullen	zijn	zijn	1948	1
zullen	zijn	zijn	1949	1
zullen	zijn	zijn	1951	2
zullen	zijn	zijn	1954	1
zullen	zijn	zijn	1957	2
zullen	zijn	zijn	1958	1
zullen	zijn	zijn	1960	1
zullen	zijn	zijn	1961	1
zullen	zijn	zijn	1971	1
zullen	zijn	zijn	1972	2
zullen	zijn	zijn	1978	2
zullen	zijn	zijn	1988	1
